T75of src,X5PpBb,bp9Aid,full_text
https://play-lh.googleusercontent.com/a/ACg8ocK8m9d-3XhDOLuSYvYB44XJkmBdooYo2VGsSXAM06gir7IzAw=s32-rw-mo,Adi Candra,29 Agustus 2024,"Masih perlu banyak peningkatan, peta yg loading ny lama dan gak bisa zoom out, posisi bus suka muncul hilang dan gak akurat, app kurang enak tampilannya. Kelebihan dari app yg lama cuma bisa lihat posisi bus real time tanpa perlu pilih rute ny. Tapi tetap trafi yg terbaik ü§™"
https://play-lh.googleusercontent.com/a/ACg8ocIBSRVS4k-3T9kalpYI0Sey6ALkC6Drok0ngINVBzKmRTM1zQ=s32-rw-mo,Hery Maryanto,20 Maret 2025,"jelek aplikasinya. Kirim kode otp gabisa bisa, heran banget. Baru bisa akhirnya stlh berulang ulangg kali coba. Pas scan di halte juga gabisa. Mungkin krna alat yg buat ngescannya itu kacanya burem bgt bahkan kegesek2. Tpi sama aja jdinya ini tiket sia sia dibeli. Ujungnya tap in. tolong diperbaikin lagi deh."
https://play-lh.googleusercontent.com/a-/ALV-UjWWRfc8yLzvWjIvhqOud3cR8jOxnMDyUg7X7tJCCHJktv1casd1=s32-rw,ŸÖÿ≠ŸÖÿØ ÿ±ŸäŸÉÿ≥ÿß ŸÉŸäŸÑÿßÿ≥ÿß,16 Maret 2025,"sayangnya setelah update aplikasi fitur informasi di feed malah tidak ada pembaruan informasi terkait rute seperti biasa, jadi pengguna tidak tau apakah ada rute yang terkendala atau tidak, mungkin bisa diintegrasikan lagi"
https://play-lh.googleusercontent.com/a/ACg8ocKIt58cV1JEecS-Q48A5yXNJ9Vj-AhRsoJtuhbqAk0mYi3PiA=s32-rw-mo,kalia wati,7 Maret 2025,"Aplikasi yg jadi apa mudah dan gak ribet, fiturnya d dalem lengkap, kita juga makainya tidak susah. Lebih mudah pakai aplikasi si menurutku."
https://play-lh.googleusercontent.com/a-/ALV-UjU68p6U5xPC82liYe-cQc2E09oprwhR_sc0RgjDS070PFOjlhA=s32-rw,Siti Samsiah,13 Maret 2025,"Aplikasi yang sangat membantu sekali untuk enemukan rute yg terdekat, fiturnya yang sangat lengkap, sangat efektif dan efisien, mantapüëç"
https://play-lh.googleusercontent.com/a/ACg8ocKLmgJjKHTIuYV5fbl2DkNgKEv1LvZHbr2kw0LpCYu8_bFFci8=s32-rw-mo,MUPHY NOB,13 Maret 2025,"fitur yang tersedia lengkap, mudah digunakan dan sangat membatu, pokoknya mntap ni aplikasi. rekomended"
https://play-lh.googleusercontent.com/a-/ALV-UjXppBQipPhXZDNIGwOrmCcWphWPbke2MYGBUnXYjm4R3_cQviU=s32-rw,Mega Sukses,19 Maret 2025,"aplikasi bagus , namun saya coba beli tiket disini 2 kali , yg 1 In aman out gak bisa , Ke-2 gak bisa scan IN lama banget , sia sia deh beli di apps ini y"
https://play-lh.googleusercontent.com/a-/ALV-UjWmhtczRVkheX3-K0OkIzP4F7gzB74PL2FDJuLfKjT3YbBuAYQ=s32-rw,Oktaviani Ika,29 Maret 2025,"sulit sekali membeli tiket open top tour jakarta. semua tanggal dan jadwal penuh. info yang sudah membeli harus nge war pas jam 12 malam. apa iya? ada baiknya tampilan pemesanan tiket diperbaiki. pada tanggal dan jadwal yg penuh agar terlihat perbedaan warna, sehingga memudahkan masyarakat mengetahui tanggal mana yg tersedia, dan yang mana yg sudah penuh. seperti pemilihan tanggal penukaran uang di aplikasi di Bank Indonesia. sehingga tdk repot bolak balik cek perjadwal & pertanggal setiap hari"
https://play-lh.googleusercontent.com/a-/ALV-UjWJpjTybdagn3dcPCREkKX7oEttiFBfHVGy8dEPG8RiyO2Pw5oi=s32-rw,kevin leuvie,13 Maret 2025,"aplikasi yang terintegrasi dengan jak dan trans jakarta, sangat akurat dengan location dan penunjuk arahnya, terima kasih banyakk atas program yang sangat berguna iniiü•πüíúüíúüíúüíú"
https://play-lh.googleusercontent.com/a/ACg8ocI3798AZAw62T_TKLexEGIHhf3-dx6Y9ppGSQ3qIWm2yvTW2Q=s32-rw-mo,najwa kana,13 Maret 2025,"GPSnya gak akurat, kadang malah gak terdeteksi samasekali, cuma menunggu data doang, terdeteksipun kadang salah2, dibilang 1 menit akan lewat, ternyata udh lewat, dibilang masih 25mnt lagi ternyata langsung ada. Udah beberapa kali tertipu pake aplikasi ini, prnh mau ujan karna bus dibilang masi 25mnt lg jd jalan ke halte brikutnya, eh lewat dong mobilnyaüò≠üò≠"
https://play-lh.googleusercontent.com/a/ACg8ocLF1_Mncca1AmakWC_Oc8mvAkiDEqMfGwVgZAhmSH8sQEyAKQ=s32-rw-mo,Viviana Marsya Qanitha,29 Januari 2025,"Admin, ini aplikasi udah bagus cm mau saran sedikit lebih untuk top up bisa langsung di aplikasi aja dan untuk barcode scanner di tiap halte tolong diperbaharui layarnya dibeberapa halte ada susah untuk scan bahkan ada yg ga bisa sama sekali. Saya kasih bintang satu dlu soalnya masih berharap ada perbaikan"
https://play-lh.googleusercontent.com/a/ACg8ocI5qynYXA0HOMM4KsV4MHJ-hNSgoFDuJytFV7Rd-lC-SrulTQ=s32-rw-mo,Ferdi Saputra,23 Februari 2025,"Admin, ini aplikasi udah bagus cm mau saran sedikit lebih untuk top up bisa langsung di aplikasi aja dan untuk barcode scanner di tiap halte tolong diperbaharui layarnya dibeberapa halte ada susah untuk scan bahkan ada yg ga bisa sama sekali."
https://play-lh.googleusercontent.com/a/ACg8ocI9KmMCZ73ye4vqPW4NPItzvDXV1koqS0uRbBjFJ0enVOx4aw=s32-rw-mo,Viky Ardianto,16 Februari 2025,Aplikasi transjakarta sangat membantu banget saat saya berada di jakarta lebih mudah untuk berpergian karena di aplikasi transjakarta ini tersedia rute juga fitur UI juga ada truz top up saldoNya juga makin mudah dan gampang pokokNya the best bngt deh aplikasi ini. Terima kasih trans jakarta.
https://play-lh.googleusercontent.com/a-/ALV-UjUOguT2NSPTtnGC_vFUX9yQMGiKQ_aikVsySyV2S8QDkGxPCGI=s32-rw,Zhafran Zein,27 Januari 2025,"Aplikasi Transjakarta memudahkan perjalananku banget ketika lagi dijakarta. Jadwal dan rute jelas, fiturnya lengkap mudah dipahami semua bisa diatur direncanakan perjalanannya adanya aplikasi ini jadi ga perlu takut late time bahkan tidak kedapatan kursi."
https://play-lh.googleusercontent.com/a/ACg8ocIGCZlbIcFSu8eBr0poWEgKPFgpegX8jFJqvtz1w83Xyu8qWgc=s32-rw-mo,Tegha Arjuharrido,12 Februari 2025,"Sangat membantu membaca kapan bus akan datang. Perlu ditingkatkan lagi jenis bus 3 pintu atau 2 pintu. Kadang masih salah baca nomor bus, 9C dibaca 13B, etc. Walaupun banyak yg masih harus ditingkatkan, overall aplikasi ini sangat membantu. Terimakasih banyak buat developer."
https://play-lh.googleusercontent.com/a/ACg8ocJ73NlFQ78p_DkKmxDyMf13gQ800366_2TfcO7jLDsKPN3pIQ=s32-rw-mo,Stann all√©,1 Februari 2025,Aplikasi belum layak digunakan. Loading sangat lambat saat klik menu beli tiket dan lihat tiket. Serta saat scan QR dari Hp ke pintu masuk halte susah banget untuk dibaca oleh mesin gerbang halte. Mohon diperbaikin karena saya benar benar kecewa
https://play-lh.googleusercontent.com/a/ACg8ocJFMLLZ8FUVSwKRquYZACIZN8piGU70YdVgzTzC_iM9lkgIBw=s32-rw-mo,Willie,17 Januari 2025,"""Aplikasinya keren banget, sangat membantu perjalanan sehari-hari! Jadwal bus dan rute jelas, fitur tracking real-time-nya cukup akurat, jadi bisa lebih terencana. Desainnya simpel, mudah dipahami, dan informasinya lengkap. Mantap, Transjakarta!"""
https://play-lh.googleusercontent.com/a-/ALV-UjX4f5zISzPnqx4GQhNmot7GP5v0CAUgvoMMBmwn7jegSbsIGqb9=s32-rw,Intan Komaryah,24 Februari 2025,sangat efektif efesien dan praktis sekali aplikasi Transjakarta jadi gampang mudah banget kalo saya mau mencari rute tujuan saya . antar mukanya simple banget real time nya juga akurat jadi perjalanan aman dan nyaman .
https://play-lh.googleusercontent.com/a-/ALV-UjX09jfTc1FGlsr2d2rkW5MdStVDr7vKHri0mzQEABUikgybpJYm=s32-rw,Krupuk Garing,3 Maret 2025,aplikasi transjakarta memudahkan aku untuk kemana mana. selain itu fiturnya jugaa banyak jadi leluasa dalam penggunaan aplikasi apalagi ada fitur feed jadi lebih mudah untuk tahu info info transportasi yang ada di jakarta jad mempermudah aku dalam mencari transportsi kalau sedang terburu buru. pokoknyaa best lah üòªüíôüíô
https://play-lh.googleusercontent.com/a-/ALV-UjWoMWnUZ-1w38AaxRPJEfMMnkZGxCkyPTCOrG8U_bmLafVCjHM=s32-rw,Rohmat Omatt,1 Maret 2025,"Aplikasi Transjakarta sangat membantu pengguna dalam merencanakan perjalanan dengan transportasi umum di Jakarta. Dengan tampilan yang sederhana dan mudah digunakan, aplikasi ini menyediakan informasi rute lengkap, jadwal bus, serta navigasi yang memudahkan pengguna mencapai tujuan. Fitur estimasi kedatangan bus dan integrasi dengan moda transportasi lain juga sangat bermanfaat, membuat perjalanan lebih efisien dan nyaman. Pembaruan berkala yang terus dilakukan menunjukkan komitmen Transjakarta"
https://play-lh.googleusercontent.com/a-/ALV-UjV4wVhyalkd_dxf5vFmx5LkCVC0Fw3vxbY7OLJZdITVv1xYnjM=s32-rw,Ibu Pariyem,10 Februari 2025,"Aplikasi TransJakarta ini sangat membantu saya dalam merencanakan perjalanan sehari-hari. Informasi jadwal bus real-time cukup akurat, sehingga saya bisa mengatur waktu dengan lebih baik. Selain itu, fitur rute dan halte terdekat sangat berguna bagi pengguna baru maupun yang sudah sering naik bus. Desain aplikasinya juga simpel dan mudah dipahami."
https://play-lh.googleusercontent.com/a-/ALV-UjVhaMlnRMpUJwhowK9WKP3Q9UGRffZINIBNxHi4RYx5q6chYC8=s32-rw,Aninda Putri,18 Februari 2025,aplikasinya makin kesini makin bagus fiturnya pada update dan yang paling penting aku suka dari yg sebelumnya bahkan mikro trans ke deteksi lokasinya dimana. keren bgt sih ga sia-sia aku tungguin ini apps berkembang jd makin update. baguss
https://play-lh.googleusercontent.com/a/ACg8ocIt7j62FNlei2ezAMGfzlssiE12k0Xf9FaGiWR2XQAXmmwsGA=s32-rw-mo,evi kartika,17 Februari 2025,"Aplikasi transjakarta ngebantu aku banget di saat aku berkunjung ke kota jakarta, juga bisa menjelajahi kota dengan transportasi umum yang terintegrasi dan mudah digunakan. Dapatkan panduan navigasi yang jelas dan mudah diikuti.. Mantap jiwa üòç"
https://play-lh.googleusercontent.com/a-/ALV-UjWtU_KuBVdM38VpYfYzsH45O0PywPp_Xy0Gc0yEC29xETpS8w4=s32-rw,Safina Najah,16 Januari 2025,"Jadi gak bingung lagi sekarang kalau naik transjakarta, karena ada kepastian kedatangan, bikin perjalanan jadi lebih gampang. Rute dan waktu kedatangan busnya lumayan akurat, jadi nggak perlu bingung nunggu lama. Plus, ternyata ada bonus poin yang bisa ditukar hadiah kalau sering menggunakannya."
https://play-lh.googleusercontent.com/a-/ALV-UjUCVW8NaHy0dYKo2seQPMT8-P8hEmoqEhtB6fDFV2wbmWOFtkM=s32-rw,ff. zacki arr,24 Februari 2025,"Saya baru saja menggunakan aplikasi Transjakarta dan saya sangat terkesan dengan kemudahan serta fitur-fitur yang disediakan. Sebagai pengguna transportasi umum di Jakarta, aplikasi ini benar-benar membantu saya dalam merencanakan perjalanan dengan lebih efisien. Aplikasi ini menyediakan informasi rute Transjakarta yang sangat detail, termasuk halte-halte yang dilalui, waktu tempuh, dan opsi transit. Saya bisa dengan mudah merencanakan perjalanan dari titik A ke titik B tanpa kebingungan."
https://play-lh.googleusercontent.com/a/ACg8ocJRmXQEf7DDHdFxLP1gwRpp4Zc_UWJjbvBSsa3mtVszxmOJkQ=s32-rw-mo,Claudia,28 Januari 2025,Aplikasi ini benar-benar membantu saya dalam melihat jadwal dan rute bus. Fitur trackingnya juga sangat akurat. Benar-benar memudahkan. Desainnya juga simpel dan mudah di pahami. Tidak bingung bagi pengguna baru. Mantapüëçüèª
https://play-lh.googleusercontent.com/a-/ALV-UjXTh4OmIsm4kdUZAd2LnPHHxjyw71wNgFWyvREqs71zt3Gou2Vg=s32-rw,Kikai Gazerock,7 Januari 2025,"Di update bukannya makin bener malah makin bobrok. Tadinya buat mantau mobil Jak 10. Soalnya kalo pagi banyak yg ngetem itu mereka. Jadi bisa pake kereta kalo mereka pada ngetem. Tapi setelah update malah lemot, banyak yg ga ketedect"
https://play-lh.googleusercontent.com/a-/ALV-UjXTJUQ2oBKXjNHGUqOGxM5FlM5r1zk2U9mYSQCp8eh6prp2mCra=s32-rw,Novi Angelina,11 Februari 2025,"Aplikasi nya sangat membantu, Sekarang tidak binggung lagi mau naik transjakarta karena dalam Aplikasinya sudah lengkap fiturnya, mudah dipahami, lengkap semua jadwal dan rute perjalanan bus juga. Keren sekali"
https://play-lh.googleusercontent.com/a-/ALV-UjW6tcUldllnKZhPST-sA9yrlr1S4GfUXyfWp1NtPuxpzFWaabw0Lg=s32-rw,EKA ZAHROTUN,14 Februari 2025,Aplikasi Transjakarta sangat membantu dalam perjalanan sehari-hari! ada banyak fitur bermanfaat yang membuat perjalanan saya begitu mudah dan menyenangkan tanpa kendala. sejauh ini pengalaman saya sangat positif. terima kasih untuk tim pengembang yang terus meningkatkan kualitas aplikasi ini.
https://play-lh.googleusercontent.com/a/ACg8ocLjxPR6_SMwJJPhpvaxUOaDPQxSIcpjQUGPgQsd9qzzcvQbsw=s32-rw-mo,Adam Fatahillah,27 Januari 2025,"Aplikasinya bener2 mambantu sekali. Fitur nya nyaman sangat mudah dipahami, apk nya selalu update tentang posisi bus dan kepadatan penumpang kerenn. Terimakasih transjakarta!!!"
https://play-lh.googleusercontent.com/a-/ALV-UjXih27JSJIrTyfVov59cohcbYrYHCy_wIEhVikBZHo7yYMawo8m=s32-rw,ailaa s.,23 Februari 2025,"Aplikasi ini sangat membantu perjalanan sehari-hari saya dengan fitur pelacakan bus real-time terbukti akurat, memungkinkan saya memperkirakan waktu tunggu dengan lebih baik. Antarmukanya user-friendly, responsif, dan mudah digunakan, sehingga navigasi menjadi lebih praktis. Informasi rute dan halte juga disajikan dengan lengkap, membantu perencanaan perjalanan lebih efisien. Semoga pengembang terus menghadirkan pembaruan dan peningkatan fitur agar pengalaman pengguna semakin optimal!"
https://play-lh.googleusercontent.com/a-/ALV-UjX2h1pVcAwyLg3kzZmLy0F6zBu5Mx9jSJIp8kbS0DrcAFEakWU=s32-rw,ardz jb,1 Maret 2025,"Aplikasi Transjakarta sangat membantu! UI/UX-nya simpel dan mudah digunakan, informasi rute lengkap, dan fitur tracking bus real-time cukup akurat. Nggak perlu bingung lagi cari halte atau nunggu bus kelamaan. Semoga ke depannya makin stabil dan akurat! üëç"
https://play-lh.googleusercontent.com/a-/ALV-UjXOpC-3qaEi9MEwfpQE_5M4R4sDqiHP9HwdY_XYEarPF3hdtzgJ=s32-rw,rina imoet,12 Maret 2025,"Transportasi yang sangat aman, dan nyaman! aplikasi Transjakarta sangat memudahkan kita untuk menjelajahi kota dengan transportasi yang aman dan murah!"
https://play-lh.googleusercontent.com/a/ACg8ocKcf6oiGb3mXCgmMlEHO4fAVLdvr2cIw0Qm7vH0ST5qPYD3Jw=s32-rw-mo,Muhammad Athar,7 Maret 2025,perbarui mulu tpi ga keliatan berubahnya apa. giliran di update malah internal server error.
https://play-lh.googleusercontent.com/a-/ALV-UjWccdbjtAhrpmzIRBd9PzZnIeyak0zXCNS1F2UxGJkJ0PMhaR0=s32-rw,Falen Okta,15 Februari 2025,"Aplikasi Transjakarta ini sangat bermanfaat banget gess...aku jadi terbantu banget...karena aku belum hapal letak halte2 nya ....bisa cek rute pula....semoga kedepannya bisa lebih berkembang,.."
https://play-lh.googleusercontent.com/a-/ALV-UjWm2gAOt7RrNVWX6OjQfJFcioDxs75Q5c-oA4UzKqyAxessmi6M=s32-rw,Ghazi Al Ghazali,8 Maret 2025,"Maaf, min. Saya kasih bintang 3 dulu karena saat mau ngetrack koridor TJ malah ada tulisan ""Internal server error"". Semoga cepat diperbaiki, terimakasih üôåüèª"
https://play-lh.googleusercontent.com/a-/ALV-UjVDr1vMFhFc5BJTiwz3xFIeDMqHiUMPzmnsoyT1gRP2r5lnCwFX=s32-rw,Reka,20 Februari 2025,"Aplikasi Transjakarta ini sangat membantu sekali,fiturnya lengkap,bisa melihat jarak bus dan halte terdekat dengan kita,bisa pesan tiket lewat hp,mudah sekali digunakan,baik untuk penguna baru sekalipunüëç"
https://play-lh.googleusercontent.com/a-/ALV-UjUroJP1zdlORLj0z4HkfH9GsuqcvRBBPbiQZKOFltbVKQCo0CS6=s32-rw,Taufik Hidayat,20 Januari 2025,"Untuk koneksi pantauan nya masih buruk perlu di tingkatkan lagi masa saya nunggu di halte busway minitrans arah bus mau ke halte selanjutnya tiba2 kok udah lewat saja, padahal saya sudah nunggu. Dari monitor nya saya pantau. Hadeeh payah"
https://play-lh.googleusercontent.com/a-/ALV-UjXKr7aSuOCHHOYBGO-qXsPGPDWNoSxrtJn4pC8vIj6DlC7gJNY=s32-rw,Tamara Nur,3 Maret 2025,"Saya sudah lama memakai aplikasi transjakarta ini,mau kemanapun lebih mudah dengan aplikasi ini ada banyak sekali rute-rute nya dan biaya nya pun relatif saya suka sekali dengan aplikasi ini Dengan login saja aplikasi ini sudah bisa kita pakai fitur-fiturnya pun lengkap dan untuk sampai ke tujuan nya pun tidak lama.terimakasih transjakarta"
https://play-lh.googleusercontent.com/a/ACg8ocL26J1EWQvmkw1wsZBkXa8_Pyk3X2Vzg01UpfQD7-2fiarA5Q=s32-rw-mo,Dyah,23 Februari 2025,Aplikasi yang memudahkan buat cari halte terdekat dan jadwalnya sesuai. Jadi saya ga kebingungan buat pergi jalan-jalan di jakarta menggunakan TJ. Ada informasi rute juga yang memudahkan kita. Aplikasinya juga gampang dan mudah dipake
https://play-lh.googleusercontent.com/a-/ALV-UjXaGJVX0NFkDjfGZH21ShSqbAA9PpOur0Ul6bN_JPHRGPnB3esW=s32-rw,Nabila Ramadhiani,28 Februari 2025,"Ini aplikasi kalo lagi dibutuhin loading nya lama banget, selalu statusnya ""Menunggu Data Bus"" hampir stngah jam gitu terus.. Sekalinya muncul ""Data Bus"", eh kagak ada bus yg ke detectüò≠üò≠ Tolong diperbaiki dong sistemnya Bu/Paküôèüèª"
https://play-lh.googleusercontent.com/a-/ALV-UjWbquQdJWR8JmByMi2r6K1WTnCQWi5DQI9bxH-_1HIaTBJg1Xj8SQ=s32-rw,Laila Nazlia,22 Januari 2025,"Aplikasinya membantu aku banget sbg pengguna Transjakarta. Aku bisa cek jadwal setiap saat dan cek rute. Bisa juga cek halte terdekat. Desain aplimasinya bagus, simple dan mudah di pahami."
https://play-lh.googleusercontent.com/a/ACg8ocJmBKZ0w_xJZWgfMxHnRRZQzO1PnAfHWMONKZ2jy2rXWpsNJg=s32-rw-mo,Inez Keiza,13 Maret 2025,"Aplikasi ini sangat mudah sekali untuk mencari rute dan sangat praktis, sangat membantu sekali"
https://play-lh.googleusercontent.com/a-/ALV-UjX4mlXmUW5_GmkE7kYgdRiXUSecB_pyMHJW5ob5EmmW0xE9RTU=s32-rw,aulyanrlf,17 Januari 2025,Nyaman banget pake aplikasi Transjakarta ini. Live tracking bus nya akurat jadi gatakut buat ketinggalan busnya. Terus bisa juga kalo mau liat rute ataupun jadwalnya. Fitur di apk nya juga mudah dipahami. Bener bener berguna banget buat aku yang tiap hari kerja naik TJ
https://play-lh.googleusercontent.com/a-/ALV-UjWAKYlQGFpceZV7P4nVaR5U0ea2R9JU-EbGSCCfYobpjHc6bv8=s32-rw,e lyee,6 Maret 2025,"Aplikasi Transjakarta ini sangat membantu sekali, nyari bus jadi ga ribet harus nyari halte dulu, aplikasi ini sangat lengkap dan detail dalam memberi tau rute perjalanannya, saya jadi lebih mudah dalam mengetahui rutenya."
https://play-lh.googleusercontent.com/a-/ALV-UjVSIrANPRar2IASZJMElqXcWVnXgrXtVgVhVoGGfIOAUMTF3F5N=s32-rw,Kusna Fadhil,29 Desember 2024,"Saya baru¬≤ ini menggunakan moda transportasi Transjakarta (Khususnya rute Ciputat -Kp. Rambutan), masukan penting nih, tolong untuk kartu jaklingko keluaran Bank DKI, lebih diperbanyak lagi tempat top up khususnya Jabodetabek, Jangan hanya di halte dan minimarket Jakarta saja, karena utk top up nya susah apalagi pas urgent, masa gara¬≤ kehabisan saldo harus beli kartu lagi."
https://play-lh.googleusercontent.com/a/ACg8ocIpWYZZJjkmsyPcUPwsF1mywPANOPFE1lkhQBNYeI4KiUBEVQ=s32-rw-mo,Misgiyanto Jr,16 Februari 2025,"Aplikasi Transjakarta sangat membantu aku dalam perjalanan sehari-hari . Fitur-fiturnya lengkap, mulai dari informasi rute, jadwal keberangkatan, hingga lokasi halte terdekat,mudah digunakan bahkan untuk pengguna baru Terima kasih Transjakarta"
https://play-lh.googleusercontent.com/a/ACg8ocKiAKtn_wJQX7RubwELGRoyuwfSVR6a16gUaTRRonXQ5RO3Eg=s32-rw-mo,zusia wati,20 Februari 2025,Aplikasinya semakin bagus fitur-fitur juga update terutama jadwal kedatangan busway real time ga hanya busway tapi mikrotrans jg bisa kita liat tracking nya keren banget sih sekarang. Mantap updatenya
https://play-lh.googleusercontent.com/a/ACg8ocJjGI4xhL5ZK6NRv3jcTzW4nXS2k69YNkBnBzW7-fm1ItNajQ=s32-rw-mo,Eka Dolly Sianturi,18 Februari 2025,"Aplikasinya bagus, sangat membantu sekali apalagi disaat aku lagi ada di Jakarta. Untuk mesan transportasi umum jadi mudah, gak pake ribet. Fitur didalamnya juga mudah dimengerti. Rekomen banget deh aplikasinya"
https://play-lh.googleusercontent.com/a-/ALV-UjVgak8JkkAv9Tx9jYkQQdnqDzYhmXP-KusxQE783UTJeEzqCn8=s32-rw,Della Delia,17 Februari 2025,"Suka banget sama aplikasi Transjakarta ini, bener-bener mempermudah dalam perjalanan karena fitur dan informasi mengenai rute, jadwal keberangkatan serta halte terdekat tersedia sangat lengkap dan mudah digunakan"
https://play-lh.googleusercontent.com/a-/ALV-UjVkS0O7uk_sbwHrZIz8kCHrjQ37CiNlXAWQCURSzKFY3peFx5s=s32-rw,Velina Fitria anggraini,23 Januari 2025,"Aplikasi nya selalu membantu perjalanan kita, apa lagi orang perantauan kayak aku, belum banyak tau tempat"" di DKI JAKARTA,,.. Informasi juga lengkap dan sangat mudah aku pahami,, Alhamdulillah banget deh ada aplikasi Transjakarta, bisa bantu orang"" yg mau naik bus Transjakarta"
https://play-lh.googleusercontent.com/a-/ALV-UjX49xT7y2Dqv4xUTfzYhCE7F77v9fjBzCTNfK50anOGL44u0ZDY=s32-rw,Widia Rachmawati,19 Januari 2025,Aplikasi ini membatu sekali untuk saya sebagai anak rantau di jakarta. Untuk akses rute nya jelas dan tidak sering trouble. Untuk pembayaran nya pun juga mudah dilakukan. Semoga kedepannya banyak orang yang tau dan paham cara penggunaan aplikasi ini agar banyak yg terbantu soal transportasi di jakarta.
https://play-lh.googleusercontent.com/a/ACg8ocJNyAYO8Gv9HfKEfmskMCP_DqW3u3h3zHA8EA_lBDuQUlpUrw=s32-rw-mo,Ryu Gihon Tan Saega,24 Maret 2025,lumayan bagus tapi perlu di tingkatkan karena beberapa mobil tidak dpt di lihat kurang gps arah rusun MarundaüôÇ‚Äç‚ÜîÔ∏è
https://play-lh.googleusercontent.com/a/ACg8ocILqdnp4n8LQVWgh0cuzVld64nf13Fm9PFnHpF-X-XrEzhdiw=s32-rw-mo,Mizaluna Bilqis Arifin,11 Februari 2025,"Sebagai mahasiswa yang baru pindah kampus dan belum hafal rute, aplikasi Transjakarta sangat membantu! Bisa cek jalur, halte terdekat, dan perkiraan waktu bus datang. Bener-bener solusi buat mahasiswa rantau biar nggak nyasar!"
https://play-lh.googleusercontent.com/a/ACg8ocINiK_I8C3D22v-cJ02KFi6gACCovMZMcgkMHFgkR6DhBeIM8w=s32-rw-mo,Najmatus Zahiroh,19 Februari 2025,"Saya orang luar jakarta bingung kalo kemana mana naik apa sama temen direkom naik tj. Fitur di aplikasinya jelas dan awam friendly, rutenya juga jelas, jadwal keberangkatan juga jelas. Fasilitas di dalem tj nya juga bagus. Bessstttt banget pokoknya."
https://play-lh.googleusercontent.com/a-/ALV-UjXunW-IM4dfl6SSZsrhpve91MJe7jbxR4tMiNMl_FLVgNhGc-DlMg=s32-rw,Lia Lathifa,3 Desember 2024,"Mau kasih masukan: lebih baik mulai kerjasama dengan GoTransit deh, percuma juga download aplikasinya, gak bisa beli tiket, karena bayarnya cuma bisa pake Astrapay. Walah, gak semua punya Astrapay lhooo. Coba ditambah pilihan bayar pake Gopay, Shopeepay, virtual account, jadi gak susah kalo kartu hilang atau patah. Kejadian siang tadi kartu e-money patah dan gak ada minimarket yang jual buat penggantinya, bikin repot. Uninstall dulu lah.."
https://play-lh.googleusercontent.com/a/ACg8ocJxVKdAIfctPaWic6kmNwt8FsudIBK9LsuIlGkTf0TfkQRjBQ=s32-rw-mo,RIKZ,27 Januari 2025,"Ngebantu bangettt!! Cocok banget buat saya yang kadang suka bingung sendiri kalau mau naik transport umum, tapi suka malu kalau nanya sama orangg hihihi, kembangin terus aplikasi nya min!"
https://play-lh.googleusercontent.com/a-/ALV-UjU5563-QLZ2ZQP__a2NK_ep4440kEfu8yyZ4-Dpy5aN7mDuquD_=s32-rw,Ghema,18 Januari 2025,Aplikasinya bagus bangettt ngebantu banget buat liat jadwal keberangkatan dan datengnya bus. Waktunya sangat akurat seperti di aplikasi. Fitur di dalemnya juga gampang bgt di mengertiüëç
https://play-lh.googleusercontent.com/a-/ALV-UjXOgYMixnGqkPW0YdGwq50-U8S2Kdwb5FdOu8A3WlHHLdLu9yB_qw=s32-rw,Patrick one,22-Nov-24,"Ini sih udah mempermudah banget ke segala hal. Dulu mesti nanya rute kepetugas disana sekarang udah bisa liat mau rute, jadwalnya juga. Bahkan yang kayak aku suka kelupaan kartu e-money fitur Transjakarta udah mempermudah yang kalau kelupaan bawa gak perlu pusing lagi. Tinggal beli tiket pakek pembayaran via Astrapay. Intinya udah mempermudah banget deh"
https://play-lh.googleusercontent.com/a-/ALV-UjWt1On3euozbOBDgYYTfJ7M5yTrb-ag1tcPju9vhkVT5BQUztM=s32-rw,Fanandi Aulia,5 Desember 2024,"Tolong ada pengecekan berkala buat QR nya di halte busway, udah banyak yang rusak dan susah baca QR code. Inovasi bagus tapi sayang gak didukung dengan perawatan yang baik. Semoga kedepannya diperbaiki dan beli mesin QR scanner yang cepat dlm membaca barcodenya."
https://play-lh.googleusercontent.com/a-/ALV-UjUcyUsJJQyDN_-WjNvVoHkcbB7s-b-4ao-gM5xo2oet6Zq1Iqo=s32-rw,roven eldo,27 Desember 2024,"Saya kasih bintang 2 iya. Jika aplikasi ini sudah bisa bayar pakai barcode atau Qris, top up bisa ovo, gopqy, shopee, dana, VA, bisa transfer, dll saya kasih bintang 5. Oya saran juga kalau masuk halte juga udah bisa tap pakai hape dgn melalui aplikasi ini iya."
https://play-lh.googleusercontent.com/a-/ALV-UjXRq2aNFqKmSadxbLZiHiKE9JKrtWmFervlh8bxDx0PRCpng98_=s32-rw,Sugianto Ok,7 Maret 2025,"Di upgrade / yg terbaru malah kacau bis banyak yg g terdeteksi keberadaanya, alhasil nunggu 1 jam,an utk rute duren tiga ke stasiun kalibata"
https://play-lh.googleusercontent.com/a-/ALV-UjVmycxbQ9Gy0eQ8JUcHd6dByX8z1iG0nFL9oA760YVKD_8SmpU=s32-rw,Sadiran Lase (11119018),11 Maret 2025,Bagus si aplikasi cuma jeleknya setiap saat harus update klo kita buru2 berangkat bikin kendala aja belum lagi klo memory hp kita penuh
https://play-lh.googleusercontent.com/a-/ALV-UjXpJl34sdB3MEy-8h0IwHg3urxO9j16QabwyKz6QZtg2Oi7ATjH=s32-rw,Eman Sulaeman,12 Maret 2025,"Aplikasinya mudah dan simple tapi fiturnya lengkap,, rutenyapun akurat üëç"
https://play-lh.googleusercontent.com/a-/ALV-UjXdh2_6MK5RGGsmUON9HA7ZE3OYNXMuQKxwA0zJogNWoztjdjJ7aA=s32-rw,rasto rizky,19 Maret 2025,"untuk transportasi Transjakarta sdh cukup baik , tetapi apakah msh kurangnya armada sehingga penumpang sampai desak desakan ."
https://play-lh.googleusercontent.com/a-/ALV-UjXNyBGOUNOoLK4vFaWguSic5r6rd-82TBbEJjScjjwDXp4ijk3J=s32-rw,Muhammad Idris,8 Maret 2025,"Nunggu T12 30Menit lebih Di Halte Tomang Raya 2 Tujuan Juanda-Poris Pada Jam 06:19 Operator Bus Melaju dan tidak berhenti Di Halte yg di tentukan,Udh di Aplikasi gk keliatan Armada yg aktifnya.... MAKIN KEREN AJA TJ...."
https://play-lh.googleusercontent.com/a-/ALV-UjXHKMpBiCO6X1Q9BVCe3xg5lDFsc0ZnBabNfIhgGygmkXwvKMaytA=s32-rw,SN Azizah,12 Maret 2025,"Aplikasinya bisa membantu perjalanan,, karena rutenya jelas dan fiturnya juga lengkap üòä"
https://play-lh.googleusercontent.com/a/ACg8ocI1tMugZrRa9Bj58Z2iDoHFEDqVt47x4V3-rLoUR_jBJU2k=s32-rw-mo,Ini Saya,31 Desember 2024,"Isi saldo via QRIS, transaksi gagal tapi saldo kepotong. Sudah lapor ke petugas katanya 2x24jam. Tapi saldo refund belum masuk rekening. Chat layanan balasnya lamban. Memang nominal tidak banyak. Tapi nyarinya pakai keringat. Aduuuh."
https://play-lh.googleusercontent.com/a-/ALV-UjVnC8ouF2Xbo_taxzzTrOVO_zAqCv3SnjMUNXHLcjU8Cq3UY--G=s32-rw,Alice Pricilyia,14 Maret 2025,"aplikasi sangat bagus, memudahkan penggunanya, tidak ribet, sangat membantu untuk berpergian"
https://play-lh.googleusercontent.com/a-/ALV-UjXUHS05UqNOK2cmlZdovBM6BYyfdhL4i0yKYRJBS4QEj71jkUH6=s32-rw,Benny Siregar,12 Maret 2025,Sangat membantu utk menggunakan transportasi Busway dalam melakukan perjalanan ..üëç
https://play-lh.googleusercontent.com/a/ACg8ocK6GDpR7gLauBixLA1ASxdOhxHH144luwPZuA9aswqtpiMi8Q=s32-rw-mo,Siti sofyatun Nisa Nisa,16 Maret 2025,aku ngebuka apk ini min trs untuk Jak 120 menunggu data bus trs kenapa ya gitu tp di lain nya cepat mohon bantuan nya min üôè
https://play-lh.googleusercontent.com/a-/ALV-UjVlDjT7T5OBO23CyDMunoPkCKTz5QGbzG_E-RK8H_DVwe0ecic=s32-rw,youtha rianto,3-Apr-25,gps transjakarta nomor 9E tidak terdeteksi di apps ini
https://play-lh.googleusercontent.com/a-/ALV-UjUHU32dVolrhX_TVkWTn022gXtXlUOqxIvg4MBIIig98mpY5kaw=s32-rw,ernol jasri,29 Maret 2025,Layanan open top tour sangat buruk tidak jelas naik dari mana tidak di lalui trans j reguler naiknya depan bank panin
https://play-lh.googleusercontent.com/a/ACg8ocL24fiV2TbcVwSi4vt4PUA5cRfmuazC1NArenxqUrTtMFphIA=s32-rw-mo,Claire Douglas,17 Februari 2025,"Selama pake aplikasi transjakarta ini, jadi mudah melakukan pemesanan transportasi selama di Jakarta. Fitur di dalamnya mudah dipahami, sehingga pengguna baru gak perlu bingung saat menggunakan aplikasi ini"
https://play-lh.googleusercontent.com/a/ACg8ocLVD1ix76UGKST0I9r_aold2GTHrqvvKla9GIxECC2R2Ziqjg=s32-rw-mo,nayy put,12 Maret 2025,"apknyaa bantuuu bangeettt, jadi mudah nemuin jalan, praktis deh wkwk"
https://play-lh.googleusercontent.com/a-/ALV-UjVnKtzpEIcSy5DBfTGEqCAWE71oONmP914WN7lr8Kd6ZRzxnBk=s32-rw,Valerina Aulia Avrilyani,8 Maret 2025,"abis update aplikasi malah gabisa digunakan, bacaannya ""internal server error"""
https://play-lh.googleusercontent.com/a/ACg8ocIXs7Py5Q-6nhWpoQLaaoi1KGHT6d61NyIxeG8KF3MRrhZDZA=s32-rw-mo,Kacang Polong,7 Maret 2025,"Aplikasinya bagus....membatu,bisa ngasih tau posisi bus nya jadi nggk repot"
https://play-lh.googleusercontent.com/a/ACg8ocIwn0FQ9d359aF0qkBi4wg3WKc7M_4jNwJHTs1fm_pIQjdI9Q=s32-rw-mo,Yudhistira Witjaksono,29 Januari 2025,"Aplikasih nya sering eror, kemarin tgl 28 Januari, beli tiket lewat aplikasih 2 kali pembelian gagal, tapi saldo saya tetap kepotong, tolong di perbaiki lagi aplikasih dan sistem lain nya, termasuk saldo costumer yang masih pada nyangkut di kembalikan, terimakasih."
https://play-lh.googleusercontent.com/a/ACg8ocJmpmFcuNhgs2eRILfnazyuJqU4tHcrtJV63Qhi9ASm3Yf9eDQ=s32-rw-mo,Difa Khresna,23 Januari 2025,"Tdnya saya install ini untuk memantau kedatangan bus, tapi ternyata jadwalnya ga update, jadi ga guna aplikasinya... Tolong perbaiki jadwal kedatangan bus nya...masa ga bisa sih... Kalau cuman liat rute di haltenya juga ada..."
https://play-lh.googleusercontent.com/a-/ALV-UjVh-02CJRh5tKxjECHD76dcxhCmhPSFzfI1nvtkNVixsCRG4LjA=s32-rw,Lisda Nuraini,2 Desember 2024,"ga bakal nyesel si pake aplikasi ini karena memang se berguna itu woii aplikasinya apalagi tampilannya juga yang mudah dipahami, dengan adanya apk ini kita jadi lebih tau jika ada perubahan rute atau penutupan halte"
https://play-lh.googleusercontent.com/a-/ALV-UjXyM8omFBtPDNQcO3WK8XOaSZTdArHNqW6_A3M3P-mbyy8x4ymy=s32-rw,Ibnu Badru,15 Desember 2024,"Aplikasi Transjakarta ini sangat membantu! Fitur live bus tracking-nya akurat banget, jadi bisa atur waktu perjalanan dengan lebih baik. Desainnya juga user-friendly, mudah banget dipake."
https://play-lh.googleusercontent.com/a/ACg8ocLMHHOhdg9uitedUfFyi4B9G8Ysz1MLIp-MmgX4B60-JBnxyw=s32-rw-mo,Gustina Illahi,13 Desember 2024,"Waaah üòç Aplikasi transjakarta bener berguna. Ngebantu banget kalau mau liat rute, jadi aku gak gampang tersesat kalau mau kemana. Lebih gampang lagi buat gunainnya. Bersyukur banget aku ada applikasi ini. Jadi gak perlu nanya2 lagi deh ke orang kalau nanya rute ü´¢"
https://play-lh.googleusercontent.com/a-/ALV-UjWPGv6qznvXKgHsUlocThQVVpzNUANamZNnmOYGyvkNkYDgMP6f=s32-rw,Syalwiah Febriana Hasanah,24 Januari 2025,"Programmer nya kebanyakan tidur kali ya , aplikasi bug parah .. keknya hampir tiap hari gw begitu terus-_- mana buang2 waktu 10 menit buat beli tiket doang , kocak... Apalagi kalo buka barcode buat keluar aja scan lama banget ... Kalo boleh bintang nya -5"
https://play-lh.googleusercontent.com/a/ACg8ocIFIouROFVl3Oa5b_Py6z7DSQhrdm2hsz75JnL5iGyFEbTYUw=s32-rw-mo,Zuli Erma,21-Nov-24,"Tampilan aplikasinya juga sederhana dan mudah dipahami, sehingga siapa pun bisa menggunakannya tanpa kesulitan. Selain itu, informasi terbaru tentang penutupan halte atau perubahan rute selalu diperbarui dengan cepat, membuat pengguna tetap terinformasi."
https://play-lh.googleusercontent.com/a-/ALV-UjW-sjQj_Wx9jmWHocNT4qVF2zvp_IDXOQHGFForeUuFFrqZGaU=s32-rw,Alisha Ramadhani,6 Maret 2025,Aplikasi ini sangat memudahkan sekali untuk perjalanan saya dengan tampilan simpel dan fitur tracking sangat akurat membuat perjalanan lebih efisien dan nyaman
https://play-lh.googleusercontent.com/a-/ALV-UjUtOF_X-LpSLi8MTarSYvBhM7d-wS9SKZ-nZlpYpA70xZ2b1f8V=s32-rw,Ria Oktaviani,6 Maret 2025,"Aplikasi Transjakarta ini bener"" sangat membantu dan begitu mudah di gunakan,pengarahan rutenya juga jelas Pokok ini mah sangat bagus dan juga mudah di gunakannya"
https://play-lh.googleusercontent.com/a-/ALV-UjV0cWHvs1Lv8TCK6HLo6Lp4reo4OBm8Y80M7bk2lBBUv2_ZzrEKpQ=s32-rw,Aji Nugroho,6 Maret 2025,"Satu masalah yg saya temui yaitu ukuran huruf (font) TERLALU KECIIIIIL. Menyulitkan orang tua yang harus baca di jalanan, apalagi yg lupa bawa kacamata. Ukuran huruf Aplikasi moter lebih pas."
https://play-lh.googleusercontent.com/a-/ALV-UjUZ90E9RzctINeN4x-KHobb_0EfPZtqwpUeGDjsx-w1nAjBnw6i=s32-rw,Rendi 03,5 Maret 2025,aplikasi Transjakarta ini sangat membantu saya untuk menemukan atau mencari halte dan bus terkini. dan memudahkan saya untuk menentukan rute perjalanan yang akan saya tuju
https://play-lh.googleusercontent.com/a-/ALV-UjVjUWk1doG8BWcIV7SfWAlPpdojXji0IS1H4Isoha4ja_roHzOR=s32-rw,Najmi Rihhadatul'aisy,28-Nov-24,"Aplikasi yang memudahkan perjalanan di Jakarta. Bisa cek rute, jadwal, lokasi halte, dan bayar digital langsung lewat aplikasi. Simple, praktis, dan bikin perjalanan lebih nyaman!"
https://play-lh.googleusercontent.com/a-/ALV-UjXiIuw1S8mahQ-TBSXP_afcyka6RzWKNj8QCklwqQpZzGwRlR4=s32-rw,Desi Duta,2 Desember 2024,"Lama banget tolong dong perbaharui lelet bgt aplikasinya cuma mau beli tiket doag sampe ketinggalan 5 bus kacau, udah pernah terhubung ke astrapay gausah minta terhubung lagi dong ini minta hubungkan lagi abis waktu nyawoi mana lelet lagi ni aplikasi, kalo mhga ketinggalan kartu nya ga akan kupakai, beli di indo alfa terdekat juga pada kosong, ngeselin banget ni aplikasi"
https://play-lh.googleusercontent.com/a/ACg8ocI_HoeIuQB7rgAFAh1YTmRBwzLks2DHTuwC6Asu4RfwcbW6FcU=s32-rw-mo,Syara Auliyaa,21-Nov-24,"aplikasi yang sangat membantu dan mudah untuk melakukan perjalanan, biasanya suka ribet kalo harus cari rute eh sekarang udah tersedia aplikasinya dong keren bangett mudah dan praktis sekarang, jangan dbawa ribet sayang tinggal download aplikasinya udah simple dan membantu jga pastinyaüôè"
https://play-lh.googleusercontent.com/a-/ALV-UjV3dkLnwYGVfj3ipDCkmmZuT4SxkR8GS22_NNWN_eLDk5JJC8Ee=s32-rw,alif febrian,3 Januari 2025,"aplikasinya lumayan membantu. tapi kenapa ya sering sekali error saat maelakukan top up dg qris di halte busway, proses refundnya juga lama. tolong pihak transjakarta diperbaiki lagi sistem nya"
https://play-lh.googleusercontent.com/a-/ALV-UjWkV2me-NWCZbX1sIULfLvszP6T10tRf3w9iasO-T9pZ78DVt0=s32-rw,Om Yoyoy,24 Februari 2025,"Aplikasi ini sangat membantu perjalanan sehari hari menggunakan transjakarta. Fitur pelacak bus nya sangat akurat, fitur fiturnya juga sangat mudah untuk pemula seperti aku"
https://play-lh.googleusercontent.com/a-/ALV-UjUZ2J_DA7xnL2ixx8RGVlyLQcgwE-NkTneZ5hX0H100lOxISa2Npw=s32-rw,Mamank Yoga Sugara,12 Januari 2025,"Aplikasi bagus dan busnya terlihat live, tapi di detail rute tidak terlihat informasi yang detail malah layar blank warna putih tolong perbaiki itu"
https://play-lh.googleusercontent.com/a-/ALV-UjUd-FmcSuCBfwx4guK7cPA0d9eN_Znj1y9pyDbK5GWVQMCflSGd=s32-rw,WidiaNuha SyehaHusen,15 Februari 2025,"Sangat bermanfaat banget, fiturnya lengkap dan mudah dipake sangat memudahkan buat cari bus terdekat recommended üëçüèª"
https://play-lh.googleusercontent.com/a-/ALV-UjVOHUYtLdgXWXM_BR9Ap9AY_fc49pqv0pWCBixyDdAsV6eIELj1=s32-rw,Nyak Vera,24 Februari 2025,"Aplikasi Transjakarta adalah aplikasi bagus dan cocok untuk di gunakan oleh semua kalangan yg suka berpergian atau banyak kegiatan di luar,rutenya jelas,,dan semua jadwal sudah terhadle di aplikasi,,, üëçüèª"
https://play-lh.googleusercontent.com/a-/ALV-UjX4Wc6tTpRUxi-NkuePXBU8L-ndGnCPrIbG0J5BjBsiea0Y2kFO=s32-rw,Algi Shazfa,3 Februari 2025,"Terimakasih aplikasi Transjakarta, si penyelamat aku kalo lagi main di jakarta pokoknya , aplikasi ini mudah banget di gunakan, gak lemot di hp dan fiturnya gak ribet juga ‚ù§Ô∏è"
https://play-lh.googleusercontent.com/a/ACg8ocLkQPJpQ_g1MDyDn0czsNMZOAeA2Kp5xRaLdcjqEIQoQQyoNw=s32-rw-mo,mahfud din,5 Maret 2025,"Aplikasi Transjakarta sangat membantu saya dalam menggunakan transportasi umum di Jakarta. Dengan aplikasi ini, saya bisa melihat rute bus, jadwal keberangkatan, dan lokasi halte terdekat."
https://play-lh.googleusercontent.com/a-/ALV-UjVxi0_jY-Uc7REeoAQjVXqgVlR3ElJBIL3WhSxAMljWwicTW710sA=s32-rw,Renata Situmorang,18 Februari 2025,"Transjakarta membantu banget buat setiap penumpang, mulai dari tampilan UI nya yg bagus dan nyaman buat user, buat praktis dan cepat"
https://play-lh.googleusercontent.com/a-/ALV-UjWU5EkNeOvagmTxYmm-xroAEY1nRCoDe1ceT1ElW63gIKVzHZLC=s32-rw,Yunita Sandriani,19 Januari 2025,"Cukup membantu nih buat yg mau berangkat on Time, soalnya bisa cek jadwal keberangkatan,jd nggak perlu lama-lama menunggu,.. fitur nya mudah ndi gunakan."
https://play-lh.googleusercontent.com/a-/ALV-UjUE10Dmbah5UYz3VGljw4tcQH0BgvlpedSrAjSR3Z2aogMxPDAq=s32-rw,Ayu Margaretha,22 Januari 2025,"Aplikasi bagus dan membantu,,bisa track rute bus ,,beli tiket pun cepat gak pakai antri via aplikasi,fitur aplikasi lengkap dan mudah digunakan."
https://play-lh.googleusercontent.com/a-/ALV-UjX747ZYq9Uvi5keiBHMYgbhOVoSmzuyQbnwrnucHF4t1kV2Cm2j=s32-rw,Lilik Masrifah,20 Februari 2025,"Sangat praktis! Pembayaran cashless, info perjalanan real-time, dan antarmuka aplikasi yang user-friendly. Transportasi di Jakarta jadi lebih efisien dan nyaman!"
https://play-lh.googleusercontent.com/a/ACg8ocIN-g7Fa-iBcB1unV6SYFQcnuiynBj0ql7FUZr3tongHSlBPQ=s32-rw-mo,nurhastaa nurhastaa,25 Februari 2025,Aplikasinya bagus memudahkan perjalanan dan rute juga cukup jelass fiturnya juga lengkap Sangat memudahkan perjalanan.
https://play-lh.googleusercontent.com/a-/ALV-UjXytFuTkSde-4kp1kwVEyT4myYptE6EUS3_7Vs-HtXvqdxueULLzA=s32-rw,Rama Grace,16 Februari 2025,"aplikasinya sangat berguna bagi kita yang sering naik bus transjakarta. pelayanannya mantap, disediakan rute dan jadwal perjalanan jadi kita gak akan bingung lagi kalo mau kemana-mana, dan aplikasinya praktisüëç"
https://play-lh.googleusercontent.com/a-/ALV-UjUDWsiZRQ9OUTcAn3a3Rf8dCcM9eNEPuCiDDW3HEpLnowm2kro=s32-rw,Galang Riskianto,27 Februari 2025,"Tj sangat membantu sekali bagi yang tidak punya kendaraan secara harga Tj juga sangan murah dengan harga 3.500 bisa ke mana saja dan masih banyak kelebihan lain seperti pemisahan trmpat untuk perempuan dan laki-laki,di dalam bus juga ac nya sangat terasa dingin jadinya enak&nyaman deh mau ke mana aja pake Transjakarta"
https://play-lh.googleusercontent.com/a-/ALV-UjXL7w_7GcbqdJ1V6b77xFNdCXW9WMotM4bXwqQ6WHAV52NQwzw=s32-rw,Anisah Fitri,17 Februari 2025,"Dengan adanya aplikasi transjakarta ini memudahkan banget buat aku yang suka pake kendaraan umum, fitur sudah lengkap, lengkap jadwal keberangkatan, semua udah di permudah dengan aplikasi ini, keren"
https://play-lh.googleusercontent.com/a/ACg8ocIm_6Ks0eG60bKaxSqxvOb7rveVXfTJFRJ7A-ryxBGupoPCeQ=s32-rw-mo,fina pratiwi,2 Maret 2025,"senang sekali karena aplikasi ini membuat kemudahan bagi saya. menunjukan arah yang jelas dan mudah diikuti, apalagi untuk bus dan halte jadi perjalanan saya bisa lancar dan nyaman"
https://play-lh.googleusercontent.com/a-/ALV-UjWS2-S_bv8MRw7x5EGuQ2L4zDISZSDvl2zOI-s-vf2ejy7zSeY=s32-rw,ayulestari ismail,7 Februari 2025,"Saya sangat puas dengan aplikasi Transjakarta! Antarmuka yang intuitif, informasi jadwal dan rute lengkap, serta update real-time sangat membantu perjalanan saya sehari-hari. Aplikasi ini benar-benar mempermudah mobilitas di Jakarta."
https://play-lh.googleusercontent.com/a/ACg8ocIljuHmDtP9JCM9tw6IQs3ZFMQfy2zlGTvScj7OFGohn7Mf_w=s32-rw-mo,Vennya Rac,16 Februari 2025,"Aplikasi yang sangat membantu sekali buat perjalanan. Fitur nya lengkap banget, yg paling aku suka jadwal dan rute nya sangat jelas."
https://play-lh.googleusercontent.com/a-/ALV-UjXP88Nb-DVdruUwv26y-8aLniAtY39JgFRbr1W599vz9mngbdcGig=s32-rw,jose tirta,26 Januari 2025,"Kalo gua bilang Aplikasi ini tuh bagus ya karena sebagai pengguna setia tj aplikasi ini tuh bener bener ngebantuin gua banget karena gua bisa tau nih bus yang bakal gua naikin berapa lama lagi datengnya, serta rute yang melayani halte itu apa aja. Pokoknya lengkap dah."
https://play-lh.googleusercontent.com/a-/ALV-UjXyImh71Os9mrJBUxu-bjNWG7CO4m5Kq-U7XeGCB9_JSEdgHjtK=s32-rw,Mu'iz Sri Hayati,18 Februari 2025,"Aplikasi tj ini sudah sangat membantu saya dalam pencarian rute dan informasi shuttle nya jelas. Sangat recommended, nggak bakal nyasar karena bisa pantau lewat aplikasi."
https://play-lh.googleusercontent.com/a-/ALV-UjVI_ZdcFlvFqhGGbssXciNw4WKWhs-dqhrt8TXTOBIg5vSBjIzC=s32-rw,Ren Not,13 Februari 2025,"apk Transjakarta memudahkan banget buat aku yang bukan org jakarta ketika lagi di Jakarta,,fitur di apk ini banyak banget dan mudah di gunakan buat pengguna baru kaya aku,, bisa tau rute jalan halte bis terdekat dll, pokonya memudahkan banget nihh buat aku yang notabene nya bukan org jakarta jadi tau harus kemana dan dimna nya"
https://play-lh.googleusercontent.com/a-/ALV-UjVujeynNKVVogiNCa6V2bw2jeA1VZYXSp3VGbONIAy4OrXqYxA=s32-rw,Aletha Grcyla Zevllyn Le,21 Februari 2025,"Aplikasi sangat membantu untuk berpergian dalam kota dengan hemat pengeluaran, bus datang tepat waktu sesuai maps pada aplikasi!"
https://play-lh.googleusercontent.com/a-/ALV-UjV3igx0WVYuplEBJPRrIVIkySFv2jJEwAqoWfu7oMLbaM7pE74S=s32-rw,Devika Maharani,1 Maret 2025,"Aplikasi ini membantu banget buat cek rute dan jadwal bus Transjakarta. Tampilan simpel, mudah dipakai, dan info rutenya cukup akurat. Semoga terus dikembangkan biar makin bagus."
https://play-lh.googleusercontent.com/a-/ALV-UjUDQe2MK5p6MQA0Y7wr35j09UL-u978gFAV1JAKCCpAAd4py2HE=s32-rw,Kevin Gustiana,14 Februari 2025,"Aplikasi Transjakarta sangat membantu, Mudah mencari rute dan halte, serta informasi jadwal keberangkatan yang akurat. Sangat cocok untuk pengguna baru atau yang belum familiar dengan rute Transjakarta."
https://play-lh.googleusercontent.com/a-/ALV-UjXA88999mOc6ATFZZJEkqIFO7XbseVifqO_p6MtvG754a9udis=s32-rw,Pak Seto,1 Maret 2025,"Panduannya jelas, penggunaannya simpel, membantu banget dah apliakasinya, saran saya dipermudahkan untuk cara topup juga sudah lebih simpel lainnya Overall bagus aplikasinya"
https://play-lh.googleusercontent.com/a-/ALV-UjXx2Fnmes3cNZ9DXMzjqFvTAlzVV-wuq3xax-ytDi8MmSPGTVM=s32-rw,juju zai,30 Januari 2025,"Aplikasinya memudahkan aku yang ga hafal jalanan jakarta, di aplikasi bisa lihat jadwal dan posisi halte bus jadi bener bener membantu banget, harga tiket juga sangat terjangkau."
https://play-lh.googleusercontent.com/a/ACg8ocLPTMHNG-WAVyM-l7vxn-695G8wx6LFth3nnGpmgZOpsc12rw=s32-rw-mo,Hafid Awaludin,1 Maret 2025,"Saya sangat terbantu dengan segala kemudahan dan fitur2 yang terdapat pada aplikasi transjakarta,lebih efisien dalam segi waktu dan ongkos,pokoknya kalian wajib unduh aplikasi ini di smartphone kalian!"
https://play-lh.googleusercontent.com/a/ACg8ocJbUpz8cPfnGWJzi1XO6qvFmH2qVfCsP2cRtzIxogqjukMkSOE=s32-rw-mo,20-157 Rini Rahmatillah,13 Februari 2025,"sangat membantu dan aplikasinya juga mudah dimengerti. live locationnya juga akurat, terus tingkatin lagi yaaa sistemnya"
https://play-lh.googleusercontent.com/a-/ALV-UjWPEo-6YMeP2cQbra6KKncEDH7mCrS6ageORpZe4y58mEp1PkHx=s32-rw,Zahira Mulia,22 Februari 2025,"Aplikasi Transjakarta sangat bagus sekali, ini merupakan inovasi terbaru. Rute jelas, bisa terpantau melalui aplikasi. Mudah digunakan berbagai fiturnya."
https://play-lh.googleusercontent.com/a-/ALV-UjVC7Qfgtfq0MGVEL7uY8mP7KOJiHF4DXcVlejYphNnGbf7_4w2hfQ=s32-rw,Rosmia Purwanti,16 Januari 2025,Aplikasinya sangat membantu dan berguna jadi satset gaperlu ribet untuk mencari halte terdekat dan rute bus jadi gaperlu khawatir buat kesasar atau salah rute.
https://play-lh.googleusercontent.com/a-/ALV-UjVeyjLloJBYrRpSfv3IToJcSOUmQgChOwe--YrFf9tSoBbR8XYC=s32-rw,Wahyuni Nyunyun,25 Februari 2025,"Aplikasi ini sangat membantu untuk transportasi perjalanan sehari hari , mudah digunakan dan bermanfaat bagi pengguna yang membutuhkan seperti saya ini kerja selalu Dengan transportasi ini , semoga semakin bagus lagi"
https://play-lh.googleusercontent.com/a-/ALV-UjXktK1WsdWzNBTLzBkQLGDJ07SFCpnmJGPHthQDbqoBCLM1ngox=s32-rw,Yunia Ratri Parwati,18 Februari 2025,"Untuk aku orang luar non Jakarta apk ini sangat membantu sekali, untuk tau jadwal dan rute tanpa khawatir kesasar. Mantep banget pokoknya ü•∞ sangat-sangat membantu saya dan yang lainnya dalam berkunjung menggunakan transjakarta."
https://play-lh.googleusercontent.com/a/ACg8ocL4JCSV7mbXtlUDaspqEm4jSx5h3oZS0vTq_mWHFxwGuEG4Tw=s32-rw-mo,Doni Put,23 Februari 2025,"aplikasi transjakarta sangat membantu untuk melihat titik-titik bus transjakarta berada, sangat mudah digunakan dan juga tampilan aplikasinya menarik"
https://play-lh.googleusercontent.com/a-/ALV-UjUgr3zzlY5yxwEEMRunYnZxkMIvgc_IxnzSly4sA3pYXp-w1ys=s32-rw,Sulistia wati,1 Maret 2025,"Aplikasi inii bermanfaat banget serius buat orang yang baru pertama kali atau awam banget sama daerah Jakarta. Bisa cek rute dan juga jadwal keberangkatan Transjakarta. Jadi, gak perlu khawatir lagi salah ataupun kesasar"
https://play-lh.googleusercontent.com/a-/ALV-UjVg4EP84zm0d933Q6mn73aXlYkrE55qMydXZwYUJVd-hHq4cMhw=s32-rw,faradila oktaviona,28 Januari 2025,"suka banget pake apk TJ ini jadi lebih gampang lihat jarak TJ terdekat nya. lihat detail rute nya juga dilihatnya gampang, pokonya apk ini bener¬≤ mempermudah saya krna suka banget naik TJ kemana manaüëç"
https://play-lh.googleusercontent.com/a/ACg8ocJPjMcKEU9qgTfeBCqWy9kg96LHchwSCj0beajMAjfVjmz9BA=s32-rw-mo,Berkah Rezeki,26 Januari 2025,"Baswey lebak bulus - senen paling parah orang pada nunggu sampe 1 jam belum datang2, basweynya kompoy di senen semua jadi arah balik dari lebak bulus gak ada,orang pada mau kerja, mau kejar waktu banyak yg kesiangan, mau datangnya jam berapa kalau kaya gin, naswey ga ada aturan skali datang kompoy kaya mau tawuran barengan semua,padahal bagusnya ada tenggang waktu 10 menit 1 atau 15 menit 1, kalau ada jaklinko mini memding pilih jacklinko tapi sayanya gak ada"
https://play-lh.googleusercontent.com/a-/ALV-UjUagLp05QCRk5cbL4fIgDkhB5Ou90ih7QAqT1OvWgaZIecwgOkg=s32-rw,Dita Novi,27 Februari 2025,"Aplikasi Transjakarta ini sangat membantu banget buat aku yang sering naik bus kalau main ke Jakarta. dengan aplikasi ini, aku bisa melihat rute dan jadwal bus dengan mudah dan akuratüôå"
https://play-lh.googleusercontent.com/a-/ALV-UjXJaHhUwGyVpKreAS0aOaWxRx8TzTiY4D3wf7fwt8R8kw8W3_dX=s32-rw,Devy Safitry,15 Februari 2025,"kerenn banget buat pengguna transjakarta bisa mudah cek rute, halte dan lain lain . bisa juga beli tiket online di apk transjakarta nya lagi . sangat bener bener bagus."
https://play-lh.googleusercontent.com/a/ACg8ocLaVmcBSTr5er5SReufXVNMoxk9f7pRK3Grtn5308Pff6SD8w=s32-rw-mo,Siti Nurajijah,26 Februari 2025,"Aplikasinya bagus dan berjalan dng lancar, top up mudah scan barcode satset duduk manis langsung nyampe tujuan the best üëç"
https://play-lh.googleusercontent.com/a/ACg8ocILxCq-2yhoD3q5pa4HTDczSrI8v0j5Pcf32gOrJHkoVeAnOAHv=s32-rw-mo,Wulandari,20 Januari 2025,"Aplikasinya sangat membantu sekali jadi mudah banget kalo mau kemana"" rute nya jelass mau nyari halte gak perlu bingung lagi buat orang yang baru ke jkt"
https://play-lh.googleusercontent.com/a-/ALV-UjULpBDI0arY4AtylfDIUiI_hCkLc5zgsR16u2FfTuHzBeDz45M=s32-rw,Dendi Sutrisno,5 Maret 2025,Aplikasi ini sangat mudah digunakan dan memiliki antarmuka yang sangat intuitif. Saya dapat dengan cepat menemukan informasi yang saya butuhkan dan melakukan pembayaran dengan mudah.
https://play-lh.googleusercontent.com/a/ACg8ocLRK_1irwK83OvhHX2U8bDsLGTX4MS5gFBMsPDORnN9Om3OJg=s32-rw-mo,Sitti Aminnah,23 Februari 2025,Aplikasi Transjakarta ini sangat membantu memudahkan kita kalau lagi butuh transportasi di jakarta. Penggunaan mudah banyak fiturnya. terima kasih.
https://play-lh.googleusercontent.com/a-/ALV-UjVHm1NCtG5ylAziDWGFI2O9jOOR8EhZBxh8jMFUPts-k7ADq9DooQ=s32-rw,Yono Sukanda (Kanda),19 Februari 2025,"Aplikasi ga guna, cuma kepake buat ngecek rute aja. Posisi Bus ga jelas. Lebih mirip ke Bus simulator Jangan harap. Tepat waktu sampai tujuan"
https://play-lh.googleusercontent.com/a-/ALV-UjVZVx_MnOXO8x_GJvk0qgyW5biQQuWrF-KEiBKK9SdVkBGLcto6CA=s32-rw,Evie Lutfiah vivi,24 Februari 2025,"apk loading terus gajelas, udah berhasil payment beberapa kali tapi ga dpt barcode nya, di ulang lagi tetep ga ada barcode nya, gitu aja terus sampe saldo habis"
https://play-lh.googleusercontent.com/a-/ALV-UjXKwi2grFcLj2BfLAkux_A5G-N5IO-azIjq4wgjPTlNHuBZDlJP=s32-rw,Ria Apriatiningrum,20 Januari 2025,"Aplikasi transjakarta sangat memudahkan sekali untuk mencari rute, halte terdekat, dan jadwal bus. Oke banget pokoknya.."
https://play-lh.googleusercontent.com/a/ACg8ocKsQe28cOre2VX1oT1RMkm646VHpaQwGMKRW7QXXC0SgE6y8A=s32-rw-mo,Derisya Arini Rahmadia,18 Februari 2025,"Jujur, Aplikasi ini mempermudah mobilitas di Jakarta! Informasi jadwal dan rutenya jelas, tampilannya bersih dan mudah dipahami. Semoga terus diperbarui agar makin akurat dan bermanfaat"
https://play-lh.googleusercontent.com/a/ACg8ocLPBP7U1pe-icsghvVNWq0O-j9BqKa09xm1rtOjBvsli6aLbA=s32-rw-mo,Abdullah Zakiy Zakariyya,10 Februari 2025,"Saya sudah berkali kali beli tiket bus reguler, setiap beli selalu invalid, padahal baru beli, jadinya saya harus beli sekali lagi supaya bisa, tolong diperbaiki ya, sudah berapa duit yang saya keluarkan"
https://play-lh.googleusercontent.com/a/ACg8ocLbXA3ho6HnCpAwVs5Z06ck2ZcSW_Ax9i5InITjBo3kcBwxxg=s32-rw-mo,Viona Yomeda Purba,31 Januari 2025,"Sangat buruk. Mau beli tiket malah keterangannya ""update your phone in your profile"". Padahal sudah di update, tetap tidak bisa."
https://play-lh.googleusercontent.com/a-/ALV-UjUz05ucT2is7vDiZK3Ok6UXo_CyOEcsUGAX0k7woFVwiQaI4kVQ=s32-rw,Grahabusana Kesehatan,9 Februari 2025,Bagi saya trans jakarta ini sangat ideal utk kemana tujuan tanpa terobsesi debu dan teriknya mentari juga sangat cepat sampai hanya saya blm punya card lansia usiaku dah 66 .disebbkan blom ada bajet dan saya pula tinggalnya di Jawa kata tak bisa ambil KLO bukan warga DKI.
https://play-lh.googleusercontent.com/a-/ALV-UjU41W76TFr6OGhIwziDbbS2dmzqJKLy73sMfe8toQaMxv1pieq2=s32-rw,Zeya Khania,25 Februari 2025,"Aplikasinya sudah bagus, bisa tracking posisi busnya dimana aja jadi ga usah nunggu terlalu lama sih. Jadi tau posisi nya"
https://play-lh.googleusercontent.com/a/ACg8ocLKbrwazLsYFOCWArRdhOKZTFnYpYQcGYscD0tNolnJsaodA54=s32-rw-mo,Faiza Qonita,17 Februari 2025,semenjak pake aplikasi Transjakarta ini saya jdi tau ke suatu tempat dgn kendaraan yang harganya sangat murah dan pastinya jdi praktis dan gk perlu nnya ke orang lain
https://play-lh.googleusercontent.com/a-/ALV-UjW0F66hsgX8mwXXRAC7XS0VdXrXyf3XHMELpvA4mN47bsP_P1dg=s32-rw,MUKHAMMAD ARIF WICAKSONO,30 Januari 2025,"Aplikasinya mudah dipahami fiturnya lengkap, jadwal dan rute sesuai, ngebantu banget kalau pas ada kerjaan di jakarta"
https://play-lh.googleusercontent.com/a/ACg8ocLDwzFCBodp82fo4wrxMFJ-PY1LAQIOyUaw3yP4-4-PKv030w=s32-rw-mo,Guinivere,30 Januari 2025,selalu lemot utk pengembilan data bus di pagi hari dan ga update..sering kali bus tidak terlihat di aplikasi tapi tiba¬≤ nongol di halte
https://play-lh.googleusercontent.com/a-/ALV-UjU0HlSqz_N077U6oeEmdc8vl3tSnid7vME7Q5qzrF_AZ28Zu9M=s32-rw,Bunga Citra,26 Februari 2025,"Aplikasinya sangat memudahkan melacak udah sampai dmn, buat yang sering kesasar gaas deh install apk Transjakarta, selain itu pembayarannya juga mudah banget lohh"
https://play-lh.googleusercontent.com/a-/ALV-UjXl7q06C18wt3TCCBraQX7dQiWFJt12VFOfbed2rg8qEfupV_8=s32-rw,Aiss,28 Januari 2025,"aku sebagai orang yang kemana-mana pake transjakarta terus tau ada aplikasinya itu bikin ngebantu banget, soalnya jadi tau rute dan info-info terbaru tentang transjakarta! oh iya guys, jangan lupa disini bisa mesen tiket tur transjakarta loh (sunset or night) üòªüòª"
https://play-lh.googleusercontent.com/a-/ALV-UjXVqLb-zC-ZQYC8KX23MUMYBWaXGQ-3LiFGBdUcbo0leFFu8F_D=s32-rw,Ferdi Sh,16 Februari 2025,"apps gk guna, udh download dan payment dengan mengharuskan pakai/download astrapay sampai udh top up tapi tetap gk bisa pakai barcode tiket yg udh dibeli."
https://play-lh.googleusercontent.com/a-/ALV-UjWIAxelGyF_ml1RuP0aXedX6TvaUR4Lnl52XJ1cbbiiH0AE6scRDg=s32-rw,sri darma,13 Februari 2025,"Aplikasi yang bagus, lengkap, ga bingung sama vitur2nya. Keren sihh, semoga berkembang terus transjakarta"
https://play-lh.googleusercontent.com/a/ACg8ocK0DXL9HbjhyWC0ud7QzsaqS2NqpPj6dvQyUjoBCMU6_UPZiw=s32-rw-mo,Xabiru,23 Februari 2025,"Pakai aplikasi Transjakarta mudah banget kalo mau cari rute perjalanan dan ngatur jadwal. Banyak fitur¬≤nya, jadi mudah banget dalam pencarian rute"
https://play-lh.googleusercontent.com/a/ACg8ocLq-4OVAh1zYZmmE0ybg-_G14A9xgSE7eAY71dpvdCUItg6AQ=s32-rw-mo,Ifan Hdyt15,2 Maret 2025,Mempermudah mencari tumpangan dan jga sangat praktis. Sangat membantu semua orang ketika ingin berpergian
https://play-lh.googleusercontent.com/a/ACg8ocIrWWuC3cryhchxqmo9EopDWAcH8YEmr_6RR7KRJr5mJPXapQ=s32-rw-mo,raxiu uu,13 Februari 2025,"waktu tunggu bus di aplikasinya cukup akurat dan simple juga tata letaknya, ga terlalu berat untuk di pakai di hp dan juga bisa membantu orang awam untuk mengetahui rute rute yang ada di tj"
https://play-lh.googleusercontent.com/a/ACg8ocKqFhkbuMpLjWeEHiJkZ9xwqmMYsJxNXDnWgtuWrIEwefRDcg=s32-rw-mo,Dinastie,19 Februari 2025,"enak banget bisa nemu halte terdekat dari posisi, sukaaa. praktis gak ribet dan bus nya gak lama datengnya sat set"
https://play-lh.googleusercontent.com/a-/ALV-UjXE7Q4_SuoIjyDmXQuqAIH6f67sGQscCmgJtQ3ojGyFRtFtuN6h=s32-rw,Aldi putra Putra,17 Februari 2025,"Rutenya sangat gampang dipakai/ditemui, jelas unggulan sih menurut ku Dengan memakai Transjakarta semuanya menjadi cepat,mudah, dan aman"
https://play-lh.googleusercontent.com/a-/ALV-UjXmb-QTRWVKU9aKPsNryACWfH7o7xBClC3a_fFBTzUXIXNqF0-P=s32-rw,Marni,15 Februari 2025,"Fiturnya sangat memudahkan untuk cari rute dan halte, aplikasi tidak lemot, sangat membantu"
https://play-lh.googleusercontent.com/a-/ALV-UjX6gHxbqvvglWaW_nK6Y04u6P_VKIsr0kWD5FWILZXpaEO5tcY=s32-rw,Malika Jasmine,20 Februari 2025,"Apk ini membantu banget untuk para introvert yang malu nanya rute, berguna juga bagi yang lain, terutama untuk aku sebagai mahasiswa yang kemana mana naik tj, sekarang lebih mudah di jangkau dan bisa ngecek rute dimana saja dan kapan punüòçüòç"
https://play-lh.googleusercontent.com/a/ACg8ocJOtQJ7ONUos8dKc-L9SkankyELoju7dOVBWRFmd9B9A8S_bA=s32-rw-mo,Triya Amanda,25 Februari 2025,"Aplikasi Transjakarta sangat bagus dan bermanfaat banget, memudahkan perjalanan ke luar kota, fiturnya juga lengkap"
https://play-lh.googleusercontent.com/a/ACg8ocLnuWD07ZZHpDw-yt8jip3f-GichXhYcO6pPneoDd14PNShAg=s32-rw-mo,front gamers,9 Maret 2025,Top up ke bank lain adminnya lebih mahal dari harga tiket.. Dan metode pembayaran Bank BRI tidak tersedia..
https://play-lh.googleusercontent.com/a-/ALV-UjWzcP2SQ0Xvzdom1EHmpgJ3BXatiY4PrEdqiiW-lwqveviIJLr7=s32-rw,Glorya Bacas,30-Nov-24,"tracking bus kacau, biasanya sengaja ke stop bus kalau busnya sudah deka, waktu itu hujan jadi sengaja keluar kalo bus dekat, tapi di map hanya ada 3 bus yg arah nya beda, sudah nunggu lama biar busnya dateng dan waktu nanya termyata sudah terlewat 3 kali, namun tidak ada di tracking bus, sekelas transtangerang aja tracking busnya sesuai fakta, masa metrotrans yg rute sampai jakarta tracking nya seperti ini"
https://play-lh.googleusercontent.com/a/ACg8ocLYgPRN1NGhYqig6lLWzrSjcgnfbUOdPjALWq8ahU3RZjntnQ=s32-rw-mo,zea cartenzia,30-Nov-24,"pake aplikasi ternyata ga ribet, bisa cek rute dan bayar lewat aplikasi. yang paling enak sih karena tampilan UI nya simpel jadi mudah dipakeüëç"
https://play-lh.googleusercontent.com/a/ACg8ocISI3RMS0cuu1_i-AP0mGYDzsMckFKZNhvrmMZoeFot6P5VQg=s32-rw-mo,lutfi ms,10 Desember 2024,Aplikasi mudah digunakan dan memudahkan banget bagi kami yang belum ada kendaraan pribadi. Kita bisa lihat rute-rutenya sehingga bisa efisiensi waktu juga untuk sampai ke tempat tujuan.
https://play-lh.googleusercontent.com/a-/ALV-UjVH1YH4kusn4vN-VZviQwI_X5bQqvY4ci0J_zJY90SVqjmxcKJo=s32-rw,valen adha,1 Desember 2024,Naik Tj ditolak kalo pake aplikasi. Padahal uang nya di astraoay dan gapunya Flazz. Kemana mana susah padahal ngisi saldo nya udah banyak banget. Tolong fitur nya dibenerin biar bisa tap di bus bukan cuman di gate. Terus juga bikin aplikasi tuh yang bener. Masa ngelag2 terus sih. Udah gitu kalo ngetap di gate masih juga ngelag. Malu ditungguin orang jadinya. Sampe semua bug dan fasilitas dibenerin saya gabakal cabut rating dan statement ini
https://play-lh.googleusercontent.com/a/ACg8ocKafYpeOHQAjzN4Lh_NFYTukkJMEoFt7DCsjx6UE7oxKqC3PA=s32-rw-mo,Talita Amalia,21-Nov-24,"Aplikasi TJ sangat membatu sy dalam menggunakan transportasi umum dijakarta. Informasi jadwal keberangkatan dan rute bus ditampilkan dg jelas , sehingga saya bisa merencanakan perjalanan belih efisien. Fitur real-time tracking juga sangatlah berguna terutama saat menunggu bus dihalte."
https://play-lh.googleusercontent.com/a/ACg8ocJuGvhYMwGBJu8eLtMLsWsjKgNuW2L_ztPApD1o0gk9MbhDnA=s32-rw-mo,Mohammad Zaenuri,23 Desember 2024,"Saran,kedepannya di Halte Halte-haltenya di kasih QR tersendiri atau setidaknya yang tidak bisa Baca kode QR di perbaiki, jadi pas keluar dari pintu nggak menyusahkan dan merepotkan gara2 QR susah ngebaca nggak bisa keluarü§¶ü§¶ü§¶"
https://play-lh.googleusercontent.com/a-/ALV-UjW3ZAgSu-Re6Ox_A3yCYrHHHlBtFs5PxkMRbeIk4O04FcxqkGNY=s32-rw,Rediva Canceria,30-Nov-24,"Aplikasi ini worth it bgt, aku jadi ga kesusahan cari rute busway dan juga bisa beli tiket secara online, jadi kalo kartu electronic abis bisa beli tiket aja di apk ini untuk sekali jalan, sumpah ini aplikasinya buat gampang bgt"
https://play-lh.googleusercontent.com/a-/ALV-UjW7moaYhNiis0CuC-gJEd62-DOsJ16UV4tAR7-X-CRueJK35tU=s32-rw,Rose Gaming,10 Desember 2024,"Dengan aplikasi TJ Transjakarta, pengguna bisa melihat lokasi bus secara real-time, sehingga lebih mudah mengatur waktu keberangkatan dari halte terdekat. Fitur ini sangat praktis."
https://play-lh.googleusercontent.com/a-/ALV-UjVRVsfDLKmkgtmXU7Kw0u1NqopNyJ02uQ7OEJwMoRLDjNytG1o=s32-rw,nepi Koening,26 Desember 2024,"Apk yang membantu untuk warga Jkt dan org yg baru pake teje. Tapi tolong dong masa harus update mulu, ada kali yaa tiap minggu tuh disuruh update terus. Kenapa maintenance nya langsung sekalian aja gitu. Semoga bisa jdi masukan üôèüèº"
https://play-lh.googleusercontent.com/a-/ALV-UjV4zR3YUtTNFKMcXT5dl7R3kf4zIhO0NNXFB04FKroq2v9L7kk=s32-rw,Azhar Azis,13-Nov-24,"Tolong dong di perbaiki untuk tiket barqodenya jangan di waktu gitu, saya beli jam 23:28 masa masa aktifnya cuma 30 menit sampe jam 24:00 doang,sedangkan saya sampe di halte tujuan jam 24:30 pas mau keluar gak bisa kode telah kadaluarsa, terpaksa saya harus beli lagi buat keluarüòå"
https://play-lh.googleusercontent.com/a-/ALV-UjWRYIXZAY_PWp7T4iGOmoDZDcizcM6Yd_40F-WzVM16hcrcjnW5=s32-rw,Dina Rustina,30-Nov-24,"Aplikasi sangat bagus sekali sangat mudah digunakan dan dipahami , bisa tahu rute jadi ga bingung lagi . Sangat amat membantu."
https://play-lh.googleusercontent.com/a/ACg8ocIXyL4Zv4kO1_nS9h2JOTuN6OHFEyqFyvxMbXqMbeQTQ5K5_t4=s32-rw-mo,Salsabila Nurfitriana F,29-Nov-24,Aplikasi ini memudahkan banyak orang yang mau naik Transjakarta karena bisa mengetahui tujuannya kemana tanpa tanya ke petugas Transjakarta dan juga aplikasi ini di lengkapi dengan berbagai fitur-fitur keren lainnya
https://play-lh.googleusercontent.com/a-/ALV-UjXCkHecQU6yghQqYHnYshU2ULqh7d3lfimqYTSc9OHCnjlh5xw=s32-rw,Kyousuke Hasegawa,14 Desember 2024,"Aplikasi yg sekarang lebih bagus ya. Dan akan lebih baik lagi jika ada metode pembayaran lainnya seperti QRIS/Gopay/DANA,dll. Ini baru rating penggunaan aplikasi karena saya masih belum jalan dan menggunakan aplikasi nya. Mudah-mudahan masukan saya didengar dan diimplementasikan."
https://play-lh.googleusercontent.com/a-/ALV-UjV_nVjWjnI-wBnVB5va4sdoap90rUvObxFOL3kgq7BSZFa0kGU=s32-rw,Eka Fitriyani,9 Desember 2024,"Saya sedikit mau berbagi pengalaman saya selama menggunakan layanan Transjakarta. Kebetulan anak saya sedang bolak balik RSCM hampir setiap hari kamis, dan Alhamdulillahnya para petugas TJ slalu memberikan pelayanan yg sangat baik terutama utk selalu memberikan kursi prioritas utk yg di prioritaskan, seperti anak saya yg sedang memakai kursi roda. Terimakasih para pramusapa bahkan para pramudi, yg senantiasa selalu bertugas dgn baik, saya tdk bisa membalas kebaikan kalian, biarlah allah yg balas"
https://play-lh.googleusercontent.com/a/ACg8ocIajdvREXwn5KLZTTlDUzZOD0ZKFYP5pQfCIA-zVt14_bdsL_0=s32-rw-mo,maudy andea,28-Nov-24,"Aplikasinya mudah di pahami, mempermudah penggunaan transjakarta, semoga kedepannya lebih bagus lg dgn pengaplikasian yg lebih simpel lg"
https://play-lh.googleusercontent.com/a-/ALV-UjUD-axrc2OWUiY5qCrfDF1oZwdLZiqTBxgghnigAngZVxUb9Qz8=s32-rw,Yudil Umar,30 Desember 2024,"Sangat terbantu dengan aplikasi ini, hanya saja banyak halte yg kurang memadai. Masuk bisa keluar nda bisa, itu yg sangat sering saya alami"
https://play-lh.googleusercontent.com/a-/ALV-UjWj2jYFGJeFqp250X7gC2WX8R3ALXSi7HmhjeBMB0UftFtV6UOL=s32-rw,Ricka Putri,20-Nov-24,Bagus bgt. Udah ada gambar halte terdekatnya dan busnya gerak dan sesuai dengan yg digambar. Mantap. Semoga armada diperbanyak biar gak lama.
https://play-lh.googleusercontent.com/a/ACg8ocJIkQhj-1gqKL4FWyTyjrfB7w7GEbM3nNtp__TG9v8EiTovDg=s32-rw-mo,Rani mulyani,28-Nov-24,"Aplikasinya bagus banget fiturnya banyak dan mudah dipahami, sangat flesibel untuk pengguna transjakarta"
https://play-lh.googleusercontent.com/a/ACg8ocLpSbzcfBpV1LFBF97pnkaEM2AD70GV6P-2yc1-1ZAvRtwlEw=s32-rw-mo,Ima Fatimatuzzahro,1 Desember 2024,"ini sih oke bgt tampilannya sederhana mudah dipahami, fitur fiturnya sangat pas mempermudah pengguna"
https://play-lh.googleusercontent.com/a/ACg8ocJyeQo6h5uoad74wdEeeKXHoGHwGbbchT0YEVmPzD6rZElQVg=s32-rw-mo,Ray,10 Maret 2025,"Kenapa sudah seminggu tidak bisa diakses ya loding utk data busnya lama , ini saya ajja atau semuanya ya"
https://play-lh.googleusercontent.com/a/ACg8ocKkkCTKXtAdEj0SNmydr_lHhwmIiWo63TZKw6qxl2HNZ1c5PA=s32-rw-mo,Luthfiana Khairunnisya,1 Maret 2025,"Apk nya sangat membantu untuk mengetahui jadwal,rute dan posisi bus Transjakarta,apk nya sangat memudahkan perjalanan,memudahkan mengetahui posisi bus dan jdwal bus juga mengetahui rute bus,apk nya juga memudahkan untuk membeli tiket secara daring,pokoknya fitur nya sangat lengkapp,dan super duper membantu"
https://play-lh.googleusercontent.com/a-/ALV-UjW0nowybXInE4d3B_VqTk157JON3vc0156C6_4X7b32HM_rXWEeyw=s32-rw,abdul ghofur,9 Februari 2025,"Transjakarta sepertinya tidak kapok setelah mendapatkan denda karena sering telat dan tidak tepat waktu, kali ini sy diarahkan untuk naik memutar dan double tap"
https://play-lh.googleusercontent.com/a-/ALV-UjVWeiI9Ws0fsw_9_dyWyrwpMmKqN0OadZuMkVcDWlYxfC1KfbVY=s32-rw,iceeland,3 Maret 2025,"Aplikasi Transjakarta ini sangat bagus, fitur fiturnya yg mudah dipahami! recomennded"
https://play-lh.googleusercontent.com/a-/ALV-UjUGPF8y8OkPA4VqADeJOJF70CRS2X-I6DIeHcSGlmVye10LOLGi=s32-rw,Muhammad Baqir Rajabi,23 Maret 2025,"aplikasinya bagus, tapi saya kasih bintang satu karena di aplikasinya kalau ngelacak bis suka gak tepat"
https://play-lh.googleusercontent.com/a/ACg8ocLziuynq1Evlj3iCdhop4q5YwXu28M0kY2B9BhfCngb8hHKzg=s32-rw-mo,Prase Tyo,12 Maret 2025,"Tidak ada fitur pengaduan, teruntuk jeklingko yg ada di Utara sebagian seperti tidak ada SOP keselamatan untuk penumpang, seperti sebelum naik dan turun, Mash bnyak ditemukan keanehan para operator yg tidak bertanggung jawab."
https://play-lh.googleusercontent.com/a/ACg8ocKhwsSF7hE6bKXOe3Qi9d2Kp7HpJAjK4tzppRB8HYk3Zrk5tw=s32-rw-mo,djava art,27 Maret 2025,aplikasi model apa ini. percuma di download sampe di isi saldo kalo ga bisa digunakan.. sampah
https://play-lh.googleusercontent.com/a-/ALV-UjXbxHBYs7ubTA4PiokNeiHNTXy2CRe3pjAyZ3yyNKbwplLO4Gkf=s32-rw,Amanda,6 Maret 2025,"Aplikasi ini bagus banget, fitur-fiturnya juga gampang digunakan. Membantu dalam memilih tracking rute bus dan pembayaran..."
https://play-lh.googleusercontent.com/a-/ALV-UjV5v6NHRrJwj65hisWfsQnIry8_g-136s6ngg0kTulEUEoQVyM=s32-rw,Alle,27 Januari 2025,"Berguna banget buat orang rantauan kaya aku, jadi ngga takut nyasar. Bisa cek jadwal, rute, live tracking bus. Informasi lengkap, fitur-fitur apknya juga gampang dipahami. Thanks TJ."
https://play-lh.googleusercontent.com/a-/ALV-UjUSWIrDFyogfevdieDQEwVLU-1nmB4DdzDTHX2HPk2cRPG7RFw=s32-rw,Jasmine,2 Maret 2025,"(+) Lumayan membantu memudahkan perjalanan. (-) Minta update terus-menerus, loading sering lama."
https://play-lh.googleusercontent.com/a/ACg8ocJBg93WgP9JIcpd9yWGKyemzBGWL9tGoJ3TM8U7_b-bEP1Msg=s32-rw-mo,Aline,19 Januari 2025,Cara cek rute dan jam bus dengan mudah pakai aplikasi ini.. Navigasi bus juga jelas aplikasinya gamoang banget dijalankan
https://play-lh.googleusercontent.com/a/ACg8ocK1qUobRDBSxq-TE82hVckmt3g0OPxnRJxcfryfqHoOGhFDqQ=s32-rw-mo,zaza,25 Februari 2025,Aplikasi sangat memudahkan saya untuk menemukan halte atau rute bus terdekat dan ini memudahkan saya sebagai anak rantau terimakasih developer
https://play-lh.googleusercontent.com/a-/ALV-UjW6Vf_FUH1MKu-m-r25LGmxLvhS751-FAQdGGE41k0b1LDykqQ=s32-rw,Keanu Rizki,21 Februari 2025,"apk kurang akurat, saya menunggu dateng bisnya yang lama banget akhirnya mutusin buat jalan kaki, padahal ket bis 30 jam baru nyampe, tapu gak nyampe berapa menit dari saya berjalan bus pun lewat üòî, alhasil gajadi naik bis, tolong di pervaiki lagi yaaa mksh üôèüèø"
https://play-lh.googleusercontent.com/a/ACg8ocLByu1zR2JTxoO8Axhz_afJXn5gA2_dDEJap70VpBQrT671Dw=s32-rw-mo,Ahmad Nazril Al Fariz,17 Januari 2025,"Aplikasi Transjakarta ini keren banget! Gampang banget buat cari rute dan cek jadwal bus. Udah gitu, informasinya selalu update. Makasih Transjakarta!"
https://play-lh.googleusercontent.com/a-/ALV-UjXwZaUEOBZWL5q1XZ4fS8BfjBIHKSf9WdbvPrqLq_Om5931bvWJ=s32-rw,Karina Ayu,22 Februari 2025,"Sering banget gagal scan. Update terus, tapi sering bug:(. Saran sih mending seperti lrt, kerja sama pakai aplikasi tp ga ribet. Ini ribet sendiri"
https://play-lh.googleusercontent.com/a-/ALV-UjVYake9GiZ4HNljqU_4N-3aXjbAW6lsv7dgDEI1-ZZcdF5tcM9d=s32-rw,Andini Afriliana,19 Februari 2025,Menu pencarian pake halte dan rute di hp q kok jd ga bs ya. Keterangannya waiting data bus trs.
https://play-lh.googleusercontent.com/a-/ALV-UjUTDYByUedGZ0J7LU16RCkWqgO_VaIAL3SDnyD5lRB3HzMNKkc=s32-rw,Melynda A,27 Januari 2025,"apk yang sangat amat membantu saya, dengan aplikasi ini membuat saya tidak bingung saat menunggu bis, karena sesuai dan tepat, terimakasih transjakarta"
https://play-lh.googleusercontent.com/a-/ALV-UjXGO_M5li_7c9WOcDGlbqel-XMtjxjnIblCMprbyZASrGGrjQ7q=s32-rw,irmaa Jb,10 Februari 2025,"aplikasi ini memudahkan kita untuk keliling jakarta, cocok buat yang mau berpergian dengan teman atau keluarga, nyaman dan bersih, mencari rute nya juga sangat mudah"
https://play-lh.googleusercontent.com/a-/ALV-UjWlZztcWYn7NH3aysCKB1BVGhDDYUnnvVLCJP_r30bT_UT8lvj6=s32-rw,Putri Mezz,3 Februari 2025,"Aplikasinya ngebantu banget, bisa tap via apk, bisa cek route juga..asli ngebantu buat yang buta rute üò≠"
https://play-lh.googleusercontent.com/a/ACg8ocJstpyA8aUYzbaEY8gtb1eK0S2EsOptS3vhLhvuOGBNFo3wHg=s32-rw-mo,heryani yani,22 Februari 2025,"Mantap banget berguna aplikasinya dan membantu saya banget,apalagi ngeliat rute tarif dll,terus gk ribet bermanfaat banget pagi pengguna untuk mengetahui keberadaan bus"
https://play-lh.googleusercontent.com/a-/ALV-UjXzT3sTlccmcwizwkjGXLZ1VF0tAmhw9fwrGntK5RtKx1c4NU-5=s32-rw,ratnaa,26 Februari 2025,"aplikasi Transjakarta keren banget,bisa bantu dan memundahkan semua orang,rute nya juga jelas jadi gampang dipahami"
https://play-lh.googleusercontent.com/a-/ALV-UjXTQ8b5wwSeThOK73mkEDuKHRa6Vq1M9104PuCa6SdVzmJYgEdv=s32-rw,Puteri,14 Februari 2025,"Aplikasi paling membantu kalo kebingungan cari rute TJ, apalagi aku yang dari luar kota Jakarta. Mudah digunakan karena fiturnya mudah dipahami"
https://play-lh.googleusercontent.com/a-/ALV-UjX_gbIqK7L3YFeZEMA_td2w6ccWmPV6UrPttRSFe53YeuevdYoA=s32-rw,Rafika Dewi,26 Februari 2025,"Aplikasinya sangat bagus. Memudahkan saya buat bepergian, dan gak repot lagi harus nunggu lama. Tinggal buka aplikasi udah jelas rute busnya kemana. Sangat membantu"
https://play-lh.googleusercontent.com/a-/ALV-UjXmSLEBYCdDDQhTkMVzs1Yn4iwrFveNmyDb1Om0v86qTfP9M3c=s32-rw,casha resha,2 Maret 2025,"aku suka buts maps dan ga hafal rute tapi pake ini jadi mudah banget, pulang pergi gaperlu pusing atau repot apalagi cape kalo ga hafal rute rute jalan, pokoknya ngebantu banget"
https://play-lh.googleusercontent.com/a/ACg8ocJLbidEUSc8Z6FRksfoctW50Dhqh-KAqt6rFEKyB9EDcY6Ang=s32-rw-mo,aksnsks nanskanaj,3 Maret 2025,"aplikasi Transjakarta sangat bermanfaat dan sangat membantu saya, informasi,rute nya ada dimana aja itu ada di aplikasi ini. pokonya sangat membantu bgt Transjakarta"
https://play-lh.googleusercontent.com/a-/ALV-UjVHb38PNe8523BkiPW33-CZg25AdjJ_pVOGapFqm_2OwRr0KTQ=s32-rw,Angel Bunny,3 Februari 2025,"Aplikasinya penting banget buat orang luar yg baru pertama kali ke jakarta. Fiturnya menarik, selain itu jadwal rute jalannya jg jelas"
https://play-lh.googleusercontent.com/a/ACg8ocJvQ8NisCaqPw_SUGblDWgkSAz7SyxtyrPWo2nYoVPva7YinQ=s32-rw-mo,Fitri Muis,28 Januari 2025,"Apknya sangat lifesaver buat yang ingin main ke jakarta,jadwal bus dan rutenya jelas dan fitur tracking real time yang akurat."
https://play-lh.googleusercontent.com/a/ACg8ocKGqud2GbsVcGslStl1qF7j5HpofSuHILH7CCAD4XV9Nzxafw=s32-rw-mo,didi didi,10 Februari 2025,"Aplikasi Transjakarta memudahkan aku saat di jakarta buat cari rute, dan halte terdekat. aplikasi yang sangat membantu!"
https://play-lh.googleusercontent.com/a/ACg8ocIfJ6CCxXHvr0rDHwp8X6OV1kSMuenLzcgawFK3KeVfdBqyq1M=s32-rw-mo,Niken Larasati,25 Februari 2025,"Aplikasinya sangat membantu, bisa ngecek estimasi waktunya dari tujuan yang mau kita tuju, yang pastinya murahh"
https://play-lh.googleusercontent.com/a-/ALV-UjWdUboFtzc-o-O7F9xyrLRZ4WmTPE56eOeUpj6wUg5Joopp6g=s32-rw,Narmeilania Channel,27 Februari 2025,"Pengalaman pertama bener bener mantap banget, tdk lama, aplikasi bagus, nyaman sekali rekomendasi pokoknya.."
https://play-lh.googleusercontent.com/a-/ALV-UjUCPzrW3gp8e9fl9N_Kz5eAq33m_x8pbK-Eabisah7Pl4kYp3r14A=s32-rw,Shereen Junita,5 Januari 2025,"Belakangan ini error gabisa beli tiket loading terus, chace sudah dihapus, sudah uninstall-download, internet kenceng masihh aja loading.. gaada gunanya sumpah ksl"
https://play-lh.googleusercontent.com/a/ACg8ocJ232ra1Ucejcd_0OQwS6lEFOCplm43R6pU42kixDtGQp5SHQ=s32-rw-mo,Intan Fauziah,27 Januari 2025,"Ini pembayarannya cuma bisa pakai astrapay? Udah download astrapay harus terhubung ke app tije, eh bisa ke app tije yang lamaüò©"
https://play-lh.googleusercontent.com/a-/ALV-UjWHNkXdsKLNwJJfsmzjG5xBcuddVOA1uJUL2i6h9NxY8_SP7GM=s32-rw,salalah hiya,13 Februari 2025,"Nah ini aplikasi yg memudahkan kita keliling jakarta. Cocok banget buat jalan¬≤ bareng keluarga, tinggal buka aplikasi transjakarta bisa liat rute dengan mudah."
https://play-lh.googleusercontent.com/a-/ALV-UjU4ZPOayqo13aTKkeeD6dBNYhI1cRVOnpuxWq6qnEJTwXRXnfw=s32-rw,Rosa Dhea,23 Februari 2025,"Apk ini sangat berguna sekali untuk saya, dengan fitur yang lengkap sangat membantu saya dalam memulai suatu perjalanan. Terimakasih Transjakarta üíó"
https://play-lh.googleusercontent.com/a/ACg8ocLhVTF8kjvuCVWi5E4L3xLo5UiI60mgxjJWV1ifT9m8_L6Esw=s32-rw-mo,Jiea Tu,21 Januari 2025,Semenjak ada transjakarta mempermudah segalanya. Hemat waktu hemat biaya untuk aku yang sering telat kemana mana. Nyaman.
https://play-lh.googleusercontent.com/a-/ALV-UjWvMZJNgrOyXQs7l8DxwpK1aDghxsfWYDZgr28p6LBfRFVtY1QO=s32-rw,anggita juniar g,20 Februari 2025,"buat aku pribadi jujur aplikasi ini membantuu bangett. soalnya aku kadang suka bingung masalah rute, tapi semenjak pake aplikasi ini udah ga bingung lagii."
https://play-lh.googleusercontent.com/a/ACg8ocIiz9haCV4jJluCxM4RnnBpadfOrrjapOBpXJyLh2C1D8JP2A=s32-rw-mo,Shv Ndvr,3 Maret 2025,"aplikasinya sangat membantu, fiturnya lengkap dan mudah dipahami. keren pokoknyaa"
https://play-lh.googleusercontent.com/a-/ALV-UjU4EzAZyZMNoPkUUQA24eT7sG3kbi2Rnn-CtM7XVhVP0AL3Rdvt=s32-rw,Fia Alfin,24 Februari 2025,Aplikasi Transjakarta mempermudah perjalanan saya ketika dijakarta. Tidak takut gak kebagian tempat duduk soalnya bisa dengan mudah pesan diaplikasi. Waktu tunggu juga sudah diperkirakan oleh sistem jadi lebih teratur
https://play-lh.googleusercontent.com/a-/ALV-UjWrwyYVsmRDaur9yCErQVzfScmH5JXWPwn9dkgh31NbimbueVY=s32-rw,Rismala Diyanti,17 Februari 2025,"Aplikasi Transjakarta memudahkan aku untuk berpergian kemana pun, fiturnya juga simple ga ribet best!"
https://play-lh.googleusercontent.com/a-/ALV-UjUGNIxZ6kj4NcEqXiNDHfIEndrR0K_sVQRHpEkhg90GwrKfRjgW=s32-rw,Viola Sherenada,26 Januari 2025,"super duper worth it download app ini karena kita bisa jadi tau tj ada di sekitaran kita jam berapa dll, keren banget pokoknya udah tersusun gitu"
https://play-lh.googleusercontent.com/a/ACg8ocLi7goXbPq8PdVg0OKAm81n-NFwiCYqmnT70EmTTbcBfnTd9A=s32-rw-mo,Oemar,4 Februari 2025,Panduan lengkap dan efektif. Langkah mudah dan cepat mengetahui rute¬≤ perjalanan Transjakarta terimakasih Transjakarta
https://play-lh.googleusercontent.com/a/ACg8ocLcjLGGroDPP65fTHLOlcAJ0_NmrRn3lAGUnQUTvQr0cVozUg=s32-rw-mo,Sri Rahma,1 Maret 2025,"Apk yg akurat untuk melacak bus dmna, apk yg aman bagi saya yang slalu menaiki bus kmna pun perjalanan, fitur pelacakan bus yg slalu akurat, sangat bermanfaat banget,"
https://play-lh.googleusercontent.com/a/ACg8ocJgcbhbwxnc-_sMyzmPRcUfH2vBRzgKQHvuaLR4cKeMWMfmQQ=s32-rw-mo,Aphrodite,2 Maret 2025,"Aku suka banget dan lumayan terbantu btransport pakai Transjakarta, dan di aplikasi ini udah support fitur payment nirsentuh QR ticket"
https://play-lh.googleusercontent.com/a-/ALV-UjX19d4gO8MJU8Anc6OBKK800qPEDgEJQzJtHr8btAZDhKXFOIjb=s32-rw,Maghda Akhmalia putri,27 Februari 2025,Aplikasi Transjakarta ini bener bener ngebantu aku banget yang suka pergi pergi an gak perlu ribet buat nyari rute nya‚ù§Ô∏è terimakasih Transjakarta
https://play-lh.googleusercontent.com/a-/ALV-UjVnrwFdy9_9u9SNhXqWbdHzpoWJnZW4H-kAIKw2bJRB42W_WJVC=s32-rw,Hasnatun Nisa Septiani,20 Januari 2025,Aplikasi bobrok mau ngeliat rute aja lama banget nampilinnya padahal jaringan aman2 aja.
https://play-lh.googleusercontent.com/a-/ALV-UjWcm9wgYBlUOBIhWIU_eZodSuW_FoJRpezCJqVCUQGGpAf5Db6y=s32-rw,Tanti Fauziah,25 Januari 2025,"Update terus ngabisin kuota malah gak ada tambahan fitur apa apa lagi, ngezoom map nya lari-lari ya susah diatur"
https://play-lh.googleusercontent.com/a-/ALV-UjW32xEd44qIVfTcqsMLyftBMgdaw3687nm_5b7YfezwcjkMwxrboQ=s32-rw,antik haya,9 Januari 2025,"Ini gimana baru mau daftar internal server error Bisa dibantu ga developer nya, perbaiki apk nya"
https://play-lh.googleusercontent.com/a-/ALV-UjXGy3JI3PCP7IEle1dOQKSjhDO_CCMm5fMuNsklzIo_mUbbwQUq=s32-rw,robbi aripin,8 Februari 2025,"Banyak yang harus di benahi.... Terutama standar pelayanan yang katanya keberangkatan jam terakhir di 22.00 pada titik awal keberangkatan, tetapi kenyataannya tidak sesuai dengan ketentuan jam itu."
https://play-lh.googleusercontent.com/a-/ALV-UjVr4ghuNJm0g2vW1pKyTVav9I_ggKHShHEo9tH6fHUQTEEVfT_o=s32-rw,Indra Albetawie,10 Februari 2025,"Saya pengguna kursi roda, tolong diaplikasi ini setiap halte Transjakarta tolong juga ditambah dengan keterangan bisa atau tidak akses untuk kursi roda"
https://play-lh.googleusercontent.com/a-/ALV-UjUh437PorRCvkFmcVFH2rWjl4MuE3q1CbJBYSufJ0LoAKdolVPw-Q=s32-rw,yogi kurnianingrum,2 Maret 2025,aplikasi ini bener bener ngebantu aku banget selama di Jakarta karena bisa lacak bus terdekat secara real time jadi aku bisa tahu posisi bus di mana aja dengan aplikasi ini
https://play-lh.googleusercontent.com/a-/ALV-UjXCABoWP86EbM2SQgsHRPRmCz2R67qE1-oRCXzWTXpUNQp8xT3D=s32-rw,Nenk Tari Natia,23 Januari 2025,"Untung ada aplikasi Transjakarta, yang jadwal rutenya sesuai dengan Reallife. JD gatakut telat/ ketinggalan bus trans Jakarta lagi. Aplikasinya mudah di gunakan nya. Fiturnya lengkap. Banyak opsi tentang apa itu Transjakarta."
https://play-lh.googleusercontent.com/a/ACg8ocLRMwPBmhZ8puavx1u64gwdeYm5M8zS5us5AyHo_06Pke_zgQ=s32-rw-mo,indah puspa sari,23 Februari 2025,"Sangat membantu perjalanan jd mudah mencari rute, halte terdekat, jadwal perjalanan"
https://play-lh.googleusercontent.com/a/ACg8ocJf8BdW3Z_6q6Sfc_maT6J-Gtn7xVHNFiIDip1tSs1D-Mr8-w=s32-rw-mo,email teko arie,15 Desember 2024,"Aplikasi Transjakarta mempermudah perjalanan dengan fitur rute akurat, real-time tracking, dan tiket digital‚Äîpraktis, cepat, dan nyaman untuk mobilitas modern dan juga dengan adanya aplikasi Transjakarta ini sangat memudahkan penggunanya karena tidak lagi menunggu bus dengan waktu lama karena waktu kedatangan bisnya di aplikasinya"
https://play-lh.googleusercontent.com/a-/ALV-UjURBnNDiPthmVLQsTkmwMeM2or6NQg4fhr72hCPSE5ZNonzCDRWrA=s32-rw,khansa,12 Maret 2025,"praktis bgt pake aplikasi ini, lebih satses pokoknya!"
https://play-lh.googleusercontent.com/a/ACg8ocIVeWqvKwLhKuLsTPqSJ658YnZcsKvubhffbBd39wYEU_mj1Q=s32-rw-mo,Khaira Putri,16 Februari 2025,"Aplikasi Transjakarta ini sangat membantu! Informasi rute lengkap, jadwal bus akurat, dan mudah digunakan. Navigasi jelas, nggak ribet, dan bisa cek posisi bus langsung. Bikin naik Transjakarta makin nyaman!"
https://play-lh.googleusercontent.com/a-/ALV-UjX8ItZ0ZW7yK0ztB4jYIL2v8yI4bHefjfuagpCJ_UwAmblRitY=s32-rw,Muhammad Agusti,6 Februari 2025,Mohon maaf bintang nya hanya 1 karena saya kurang puas untuk metode pembayaran nya mohon di tambahkan lagi agar penumpang bisa membayar menggunakan e-wallet dan virtual account bank
https://play-lh.googleusercontent.com/a/ACg8ocLjGrf3BA610PaslNXS4buF0RVp5C-bePMgqD4cJCfqhl31BFW2=s32-rw-mo,Dwi Rahma Aulia,1 Februari 2025,"aplikasinya bener-bener ngebantu banget, fitur-fiturnya juga oke mudah dipahami. rutenya juga jelas, jos deh"
https://play-lh.googleusercontent.com/a/ACg8ocKb_Mgwph3JGcPg3W9YkuYVSnvfBWbTjoHVDZkzJCsPAnsbKQ=s32-rw-mo,Restiana Baqiatus,21-Nov-24,"Sukaaa sekaliii, ngebantu banget buat saya yang sering naik angkutan umum yg gatau persis jadwal juga rute perjalanan, the best pokoknya. Maksih minnn ü§ó"
https://play-lh.googleusercontent.com/a/ACg8ocLOl9R2q70kiAFG83fFOLBKKDTEzuyG6Oba1W90IXD9Qd1ung=s32-rw-mo,flo,28 Januari 2025,"Sangat rekomendasi!! Apk nya selalu update tentang posisi bus dan kepadatan penumpang keren banget, apk nya sangat membantu. Fiturnya juga nyaman mudah dipahami, terimakasih Transjakarta!!"
https://play-lh.googleusercontent.com/a/ACg8ocIUDjKkWW5urq1iWp5UDod5YDAQ8lKeTf-mez6nsWii0SX2pA=s32-rw-mo,yes im here,25 Februari 2025,aplikasi Transjakarta ini sangat mudah digunakan dan sangat amat membantu bagi saya login nya pun tidak ribet sama sekali
https://play-lh.googleusercontent.com/a/ACg8ocLS8mCbmQmsCVY6dmZHj6Cf68EzgGisFPm0Psa_JGZthJ4Gu9s=s32-rw-mo,ilham adul,19 Februari 2025,Praktis dan sangat membantu untuk mencari rute yang mudah dan juga tempat duduknya pun juga luas
https://play-lh.googleusercontent.com/a-/ALV-UjVSTBYBYvNnVmEDNDAOPEeFDb791bxbOSxhp8LAK-mLjcY0nCA=s32-rw,zeya allea,15 Februari 2025,Dengan adanya app ini bener bener memudahkan perjalanan keliling jkt. Rutenya jelas dan bikin pusing. Goodjob
https://play-lh.googleusercontent.com/a-/ALV-UjXiNzFE0ku0ilt8EfyzrQ-R1gW23bKyWAu3RvV2pxe5ZyaRD7w=s32-rw,sani,30 Januari 2025,Goodjob Transjakarta. Aplikasinya sangat membantu user Transjakarta buat cari tau rute dan mempermudah dalam pembelian tiket..
https://play-lh.googleusercontent.com/a-/ALV-UjWu2E99Dtw7XUHkfh0p6o4baCbP6JQHraKZomSiMJtp0SqrroU=s32-rw,Juwita Rahmawati,24 Oktober 2024,"aplikasi yang membantu pengguna untuk memudahkan dalam menaiki transportasi umum busway, bisa lacak dimana busway yang kita tuju, dan bisa melacak halte busway terdekat yang biasa di naiki, harga tetap sama dan pembayaran lebih mudah dan lengkap jadi ga perlu khawatir kalo kartu ketinggalan"
https://play-lh.googleusercontent.com/a/ACg8ocLvrkL46lOQrbkxoKtCrwfvHlDBjQXdYvK-RarN0j7bQj2Qug=s32-rw-mo,Noviya Liyanti,30-Nov-24,"Aplksi sngt bagus, tidak pusing melihat rute¬≤ jalan, mempermudah transportasi dan recomen bgt buat perjalanan kekantor¬≤"
https://play-lh.googleusercontent.com/a/ACg8ocKY6KNVpms6x8UM1jnPnmgYsjrmoU77yRZFsvG9LduJuZapOQ=s32-rw-mo,Bening Damar,21-Nov-24,"Aplikasi nya sangat sangat membantu ,, mempermudah saya untuk mencari jadwal rute pemberangkatan ,, jadi mempermudah terimakasih Transjakarta"
https://play-lh.googleusercontent.com/a-/ALV-UjUL3I84H0oK-35v_gOzKx37sdO_cBJ5oKpLNgfgfTxqU5R7oWBI=s32-rw,Riani Riaa,28-Nov-24,Asli aplikasi nya bermanfaat banget apalagi buat aku yg introvert malu nanya rute bisa di liat di apk iniüòÅ top deh pokonya.
https://play-lh.googleusercontent.com/a-/ALV-UjWDt07FwQ0sRrDgA4DQ9DD6TPq9XCklZatGORpHaciGyzkIRvkckw=s32-rw,yulianaa,6 Januari 2025,"perbarui aplikasi mulu, selang sehari udh minta diperbarui. sering ga muncul juga data busnya"
https://play-lh.googleusercontent.com/a-/ALV-UjXej0nTSAwngQ4N1IDeRblyWXJ1nkDWfJPjfgvbZwMwQO4NYpI=s32-rw,Rahadian Rachmat Pamuji,30 Desember 2024,Ribet banget. Mending langsung nunggu di halte dan liat jadwal nya. Kalo liat jadwal di aplikasi malah ribet banget. Nggak efisien..
https://play-lh.googleusercontent.com/a-/ALV-UjXzOvjxh-qEUaQWYeuBuGAgjnGDKgH-2YRl5THd4siSmPvvek8a=s32-rw,RikkaGame Official,21 Desember 2024,"kalau ada yang bus nonaktif harusnya di aplikasi dikasih tau atau dihapus biar ga bikin bingung. ini aktif ga aktif, semua dipampang. jadi bingung"
https://play-lh.googleusercontent.com/a-/ALV-UjWno41lZ_CDXRuZDyrY_Ptzc2gzpMu8t7Y0u0OiEYOFBb2sQDp7=s32-rw,Muhammad Naufal F,10-Nov-24,"Dikit2 apdet sambil gaada perbaikan, tracking jelek, bagusan via gmaps, QR sering eror lama loadingnya ga ke detect, Mohon Diperbaiki"
https://play-lh.googleusercontent.com/a-/ALV-UjVMOBMlPhxpwoexBt-9l72qWyycr0vRuBj82fy3vPWWTsXm_lU=s32-rw,EVAN PAULI GULTOM,11 Desember 2024,"Tiap hari libur kayak Sabtu/Minggu dipake buat perawatan server Napa, internal server error Mulu, sediain backup server juga, biar kalau main server kena gangguan bisa di lanjut sama backup server"
https://play-lh.googleusercontent.com/a-/ALV-UjVZH_ecVYe1YXC3Cv5Upk2q9PUl3VfCT8-WljOGBXnLU6YyngG8=s32-rw,denisya Yana,13-Nov-24,"Klo belom ready bgt mbok ya ga usah di release dulu. Udah beli tiket via tije ternyata di bbrp halte ga sedia pakai barcode ini, giliran ada pun seringnya eror..."
https://play-lh.googleusercontent.com/a/ACg8ocKpUuo7S9M8pcXLFARDjFg5uFwkztUzbTrbOshNEZN5gAvPbg=s32-rw-mo,Aldo Trizaki,31 Maret 2025,"sangat bermanfaat kalo lagi naik tj, apalagi buat saya yg rantau masih buta jalan jkt"
https://play-lh.googleusercontent.com/a-/ALV-UjW3UD1KK-gZaegkO4EXXt6FdV06f_hGDWgJCa0ikbhNKPcSmjty=s32-rw,Tunghin Vlogger,26 Desember 2024,"Coba dong kak aplikasinya dibikin seperti kota"" Lainnya, kayak Aplikasi Mitra Darat . Rapi peta Arahnya & Gampang memahami rutenya ,gak perlu cari 1/1 seperti ini, bingung bangetüôèüèª"
https://play-lh.googleusercontent.com/a-/ALV-UjWU47FM3GUvYecpo6bXfk7M6Zf1zQqr68VADUIfcsFumxwguxE=s32-rw,Res Saa22,5 Maret 2025,"Sangat efektif efisien dan praktis sekali, aplikasi Transjakarta jdi membuat perjalanan saya lebih mudah , informasi jadwal bus juga real-time cukup akurat fitur' nya juga lengkap,, rekomend bgt buat klian yng mau ngerencanain perjalanan."
https://play-lh.googleusercontent.com/a/ACg8ocIWOrLtr86nIsRwLRpNqjFfS7snhERy6sGreDKgYxvVaUb9dg=s32-rw-mo,Raissa Rafif Adhi Pratama,21 Desember 2024,"dilihat lihat banyak sekali update Belakangan ini. beberapa hari lalu udah di update dan skrg ada lagi, tapi bagus kok ini aplikasi jarang ada bug atau error."
https://play-lh.googleusercontent.com/a-/ALV-UjVQn2fMdl-YIicU_fVPe9iTtqiL-VCJefnU9S7iAWW45Wtsrgk=s32-rw,putri thie,29-Nov-24,"Aplikasinya ngebantu banget untuk tau rute tj, kalo gak bawa e-money juga gampang tinggal scan aja.. Top banget deh üëç"
https://play-lh.googleusercontent.com/a/ACg8ocLxTSLn4C8yPdB6mfqQriyssdddoaX1AYC7HHGynwGqmYUyrA=s32-rw-mo,INDRA DERMAWAN,2-Apr-25,"BURUK!!! DATA GAK SESUAI DENGAN YANG ADA DILAPANGAN, SELALU TELAT. PELAYANAN PETUGAS JUGA BANYAK YANG TIDAK PAHAM"
https://play-lh.googleusercontent.com/a-/ALV-UjXV5racEPXfG4UOo0P8QBKUZpT2LAHbcfMFKiow2rZiKg-5FtA=s32-rw,Ahmad Septiadi,29 Maret 2025,kasih bintang 1 karena buruk pelayanan kartu nya selalu offline bank DKI lebih baik putus mitra dari bank DKI ngga ada guna selalu nyusahin
https://play-lh.googleusercontent.com/a/ACg8ocJHrWuIDWB1aTUuDChmJ4LFxROpTyH34hzoF5KdBr8CQlcZUg=s32-rw-mo,tika mutiara,2 Desember 2024,"Aplikasi ini nolong bngt buat yg suka naik transportasi umum, isi aplikasinya jga mudah di mengerti untuk segala umur"
https://play-lh.googleusercontent.com/a-/ALV-UjXRbO9qwMjGF9yNWfIhQYcpD-HNd8cZegNmE9KDck9zOBB9YmQ=s32-rw,Yazid Alhamra,14 Desember 2024,Ini gimana ya Cara ngelaporin Nya Map nya udh Di map 6u ga jalan jalan .. Di tungguin 1jam Dari jam 10.33 sampe jam 11.20 belum sampe juga Mobil nya .. . Udh pelayanan Supir nya Songong songong ga ada yg ramah kalo mobil 6U passarminggu blok m .
https://play-lh.googleusercontent.com/a-/ALV-UjVJL6cyqS1sCOhcSTw63JEI7-ibGCU8RKotKwby3e0bU4ItjfKw=s32-rw,Rendy Yusuf,6 Desember 2024,Sepertinya tidk semua armada minitrans ada alat pelacak GPS-nyal. Mohon PT transjakarta mewajibkan seluruh armada minitrans dilengkapi alat GPS agar pengguna dpt agar mumdahkan kami sbg pengguna dan pelayananya lebih mantap lg.
https://play-lh.googleusercontent.com/a/ACg8ocISTjxPzUZBA1weWp-BrgdvKGyxP1JWBoHzw-7Jgo8_rYRbww=s32-rw-mo,Rina Pariana,1 Januari 2025,Baru jg di pakai blm ada 2 hari udh minta diperbarui aj .emng paket data gak beli ap pakai uang . kalau gak diperbarui gak bisa di buka aplikasi kok merugikan
https://play-lh.googleusercontent.com/a-/ALV-UjWXDk25ihDfcG5y4s7MvTXk3dzUGStGmecudr3d4Z87b5j4EVE=s32-rw,Spt Maulla,30-Nov-24,"Aplikasinya recommended banget si ini fitur nya mudah di pahami, terus juga aplikasinya aangat mempermudah segala hal"
https://play-lh.googleusercontent.com/a/ACg8ocKgNJILGlEY-uosGjhllMpGhSxMB-6I8bv6nsER9Lp8zPzuhQ=s32-rw-mo,Mukodimah Mukodimah,25 Januari 2025,"Sangat terbantu sekali dengan aplikasi ini, apalagi saya yang bukan orang Jakarta, jadi lebih mudah ketika bepergian keliling jakarta"
https://play-lh.googleusercontent.com/a-/ALV-UjWARxOq-saZ225FyCyDc64LA_Ch4mAAeGgGOXAc4VUDs8i6ZipfuQ=s32-rw,Dio Jatinegoro,7 Maret 2025,Sejak update Ngambil bonus point nya ga bisa
https://play-lh.googleusercontent.com/a-/ALV-UjWk5IX8NzrCm7SnfE3NwEbC5EFIUgrdHA02qEtMGsdMe_Tol9k6=s32-rw,Muhammad Wildan Faith Zhafar,24 Oktober 2024,Aplikasi nya sudah bagus... Memudahkan pengguna transjakarta.... Untuk update selanjutnya... Saya sarankan tambahkan fitur SATELIT di maps nya... Seperti hal nya di apk gmaps... Lebih memudahkan pengguna dalam melihat detail arah seperti bangunan.. Dan tempat.... Saya harap dapat di tambahkan.. Terimakasih
https://play-lh.googleusercontent.com/a-/ALV-UjUI5O9rgusi9-EVeyJhRWbcUl4LZmT41h7Uy47kLx5YH0erRUVv=s32-rw,Fitri anggraini,30 Januari 2025,"aku bersyukur banget ada aplikasi ini jdi tu ga repot kalo mau naik Transjakarta, fiturnya juga fungsionalnya terjamin"
https://play-lh.googleusercontent.com/a-/ALV-UjWOP9jQp8q29zqAeNN_-4aJFV6WafDkQ7L_zhzRbep---x5fU-ieg=s32-rw,Mai Munah,13 Februari 2025,Mudah digunakan dan sangat membantu sekali untuk mencari jadwal terdekat. Aplikasinya juga akurat
https://play-lh.googleusercontent.com/a/ACg8ocK6UI6xgpq8ZLraZgORRAzPy_tyCdo5Un0P9rOtzOzWumkJMg=s32-rw-mo,Jihoon Asahi,2 Maret 2025,"Aplikasi TransJakarta memudahkan pengguna dengan fitur rute, jadwal, dan pelacakan bus real-time. Pembayaran e-ticketing juga lebih praktis"
https://play-lh.googleusercontent.com/a-/ALV-UjUkSeUS8cvDcNN-GdAtM1QsJoQV1N1JkFtIoAj233T0Jb-pyg-C=s32-rw,Phalisitorus Dala,1-Nov-24,Aplikasi busuk. Gw telat kantor perkara out doang kaga bisa. QR invalid Mulu udh operatornya kaga ada lagi di halte Duren Tiga. Udah aplikasi lemot ampun dah. Kirain mempermudah di era jaman digital malah menyusahkan. Ga guna sumpah aplikasi beginian.
https://play-lh.googleusercontent.com/a-/ALV-UjVOtX1TQVkUSCByU7byxHnafN4Z4kxHlR2zSlLmma3Y7GLln4Wj=s32-rw,Ika Lailiya,25 Februari 2025,"Aplikasinya lengkap dan fiturnya juga lengkap, buat aku si mudah banget di gunakan dan gak ribet"
https://play-lh.googleusercontent.com/a/ACg8ocIrGCQXoua2MpwHN9vyRPGhQzOFRYwUpoQMYo_VAC-DBYgm7g=s32-rw-mo,yun yun,9 Maret 2025,Mo liat jadwal kedatangan bus muter doangan entah apa fungsi nih aplikasi
https://play-lh.googleusercontent.com/a-/ALV-UjVkYBIXuF1GHHT6swVgBIovYJtglt6VAdJ2fHgWU9BzRX1mjzsT=s32-rw,hadi heryadi,5 Februari 2025,Maaf kasih bintang 1 dulu Buat tap masuk atau keluar lama kalau ga ada petugas ribet Kadang pulang kerja jam 5/6 buat cek tiket susah minta ampun Tolong perbaiki lagi system nya
https://play-lh.googleusercontent.com/a-/ALV-UjXeAW9CfwUXMU2prbBaImEtCexLxUIZXFakX74UGs614VjX8MG_xA=s32-rw,Felix Milerivan Marcel,17 Juli 2024,"Live track bis kadang muncul kadang nggak, peta pun nggak nampil sama sekali. Hanya putih beserta titik halte dan beberapa titik live track bisnya. Intinya aplikasi ini nggak ada gunanya banget, mending waktu bisa live track di gmaps."
https://play-lh.googleusercontent.com/a/ACg8ocKiPfR_x6I1bN4c8ys5_yPZgu_PBusHwB8h6eWqEeOLjyc_FF4=s32-rw-mo,Purwo Nugroho,13 Agustus 2024,"Semua bagus. Bisa cek rute sekalian cek posisi bus beserta no body dan akurat. . Minusnya paling untuk Non BRT arah titik awal suka ga kedetect bus mana yg sesuai, kalo arah tujuannya / ujung baru akurat. Minus kedua, pembayaran cuma 1 saja. Kalo bisa QRIS pun bisa. Minus ketiga, pembelian tiket hanya halte saja sedangkan di NBRT khususnya full pinggir jalan / Bus Stop sudah tak mempergunakan tiket aplikasi padahal cukup membantu sewaktu-waktu tak bawa kartu. . Terima kasihüôè"
https://play-lh.googleusercontent.com/a-/ALV-UjU0fuMr9Z3zZAQDfX5vY0Xbsb3nB0raBZ6Sfs-BGrYwjVwK2b-f=s32-rw,Fahmi Novrizal,13 Agustus 2024,"Waaah aplikasi ini sangat membantu kita pengguna angkutan umum, sangat memudahkan untuk cari rute untuk ke tempat tujuan yang kita tuju, selain itu penggunaan nya sangat mudah dan dapat D pahami, pokonya the best banget ini apk, terus tingkatkan segala fitur-fitur nya transjakarta ‚ú®"
https://play-lh.googleusercontent.com/a-/ALV-UjUIH-O87HB5MN0zWyZEbBoS5Z3_jqx36D3muXmXvPvDcqupBNI=s32-rw,Nur Halizah,13 Agustus 2024,Bagus banget pengalaman menggunakan transjakarta by aplikasi lebih mudah dan praktisi ga perlu repot lagi harus bawa bawa kartu yah walaupun kartunya kecil sih tapi lebih simpel menggunakan handphone handphone udah pasti selalu kita bawa. Terus maju transportasi umum üñ§
https://play-lh.googleusercontent.com/a/ACg8ocLkixLjdRW04HsDA3g5IdZazF5rJ1Bo8AgEFu473yz7KUsM=s32-rw-mo,game multimedia,20 Agustus 2024,"Mantap, aplikasi yg baru ini sudah bisa traking seluruh armada Transjakarta dan Mikrotrans realtime, walaupun terkadang masih ada beberapa yg kurang pas posisi nya karna GPS setiap kendaraan memiliki kemampuan berbeda. Tapi sudah cukup untuk saat ini. Mungkin kedepan bisa bekerja sama dengan aplikator pendukung pembayaran lain nya dan bank sehingga banyak pilihan metode pembayaran nya."
https://play-lh.googleusercontent.com/a/ACg8ocI4Bf3wfO8qDD4PGZucl733GOSndBFhAhwbuH5V6Owy9deWoA=s32-rw-mo,Almahyraa 03,26 Februari 2025,"Aplikasi transjakarta ini sangat membantu menunjukan arah rute perjalanan yang sangat jelas dan rinci,,aplikasinya sudah lengkap dengan fitur yang mudah dipahami dengan informasi yang lengkap, sangat rekomendasi"
https://play-lh.googleusercontent.com/a-/ALV-UjUz533TxhhMRatbie1ItxdCNCCtvKoScCyWdLoAaugrT_LD-SQ=s32-rw,Lea Arunika,19 Februari 2025,"As orang yang sering naik tj kemana2, jujur app ini beneran membantu untuk beli tiket dan nyari rute + koridor bus. Ga susah pakenya jadi perjalanan dgn tj tuh selalu enjoyable. Semoga kedepannya ga ada masalah ya, soalnya udh nyaman bgt pake app ini."
https://play-lh.googleusercontent.com/a/ACg8ocKcUFipV0J1PK88-bXFFIcl4YfDBs_a8mVzxRGumEwkl1k0xg=s32-rw-mo,Indria Sari,3 Oktober 2024,"Dulu tuh kalau mau naik TiJe pasti banyak nanya ke petugas tentang rute dll, nah sejak ada apk ini semua pertanyaan dan kebingungan ga akan ada lagi, karena bantuin gue banget kayak cari halte, tujuan busnya, terus kalo kelupaan sama kartu emoney kita ga perlu lagi balik kerumah ambil kartunya, apk Transjakarta udah mempermudah itu Semua tinggal beli tiketnya dengan bayar tiket pake saldo Astrapay, lebih mudah, ga ribet lagi, wah udah the best banget deh aplikasinya, Terimakasih TRANSJAKARTA ‚ù§Ô∏è"
https://play-lh.googleusercontent.com/a-/ALV-UjUq2uJPgmew1OhlGiMl2LJdWt_s0wz2vWQHd6dULzcCoiYm-_U=s32-rw,Widya,18 Februari 2025,Sangat membantu dan memudahkan dalam menggunakan transportasi Transjakarta. Desain nya simple sehungga mudah dipahami.
